"Image type","Feature Class","Feature Name","rh.hippoAmygLabels-T1.v21.FS60.FSvoxelSpace_57_label_203","rh.hippoAmygLabels-T1.v21.FS60.FSvoxelSpace_57_label_204","rh.hippoAmygLabels-T1.v21.FS60.FSvoxelSpace_57_label_205","rh.hippoAmygLabels-T1.v21.FS60.FSvoxelSpace_57_label_206","rh.hippoAmygLabels-T1.v21.FS60.FSvoxelSpace_57_label_208","rh.hippoAmygLabels-T1.v21.FS60.FSvoxelSpace_57_label_209","rh.hippoAmygLabels-T1.v21.FS60.FSvoxelSpace_57_label_210","rh.hippoAmygLabels-T1.v21.FS60.FSvoxelSpace_57_label_211","rh.hippoAmygLabels-T1.v21.FS60.FSvoxelSpace_57_label_212","rh.hippoAmygLabels-T1.v21.FS60.FSvoxelSpace_57_label_214","rh.hippoAmygLabels-T1.v21.FS60.FSvoxelSpace_57_label_215","rh.hippoAmygLabels-T1.v21.FS60.FSvoxelSpace_57_label_226","rh.hippoAmygLabels-T1.v21.FS60.FSvoxelSpace_57_label_7001","rh.hippoAmygLabels-T1.v21.FS60.FSvoxelSpace_57_label_7003","rh.hippoAmygLabels-T1.v21.FS60.FSvoxelSpace_57_label_7005","rh.hippoAmygLabels-T1.v21.FS60.FSvoxelSpace_57_label_7006","rh.hippoAmygLabels-T1.v21.FS60.FSvoxelSpace_57_label_7007","rh.hippoAmygLabels-T1.v21.FS60.FSvoxelSpace_57_label_7008","rh.hippoAmygLabels-T1.v21.FS60.FSvoxelSpace_57_label_7009","rh.hippoAmygLabels-T1.v21.FS60.FSvoxelSpace_57_label_7010","rh.hippoAmygLabels-T1.v21.FS60.FSvoxelSpace_57_label_7015"
"diagnostics","Versions","PyRadiomics","v3.0.1.post4+gad5b2de","v3.0.1.post4+gad5b2de","v3.0.1.post4+gad5b2de","v3.0.1.post4+gad5b2de","v3.0.1.post4+gad5b2de","v3.0.1.post4+gad5b2de","v3.0.1.post4+gad5b2de","v3.0.1.post4+gad5b2de","v3.0.1.post4+gad5b2de","v3.0.1.post4+gad5b2de","v3.0.1.post4+gad5b2de","v3.0.1.post4+gad5b2de","v3.0.1.post4+gad5b2de","v3.0.1.post4+gad5b2de","v3.0.1.post4+gad5b2de","v3.0.1.post4+gad5b2de","v3.0.1.post4+gad5b2de","v3.0.1.post4+gad5b2de","v3.0.1.post4+gad5b2de","v3.0.1.post4+gad5b2de","v3.0.1.post4+gad5b2de"
"diagnostics","Versions","Numpy","1.19.2","1.19.2","1.19.2","1.19.2","1.19.2","1.19.2","1.19.2","1.19.2","1.19.2","1.19.2","1.19.2","1.19.2","1.19.2","1.19.2","1.19.2","1.19.2","1.19.2","1.19.2","1.19.2","1.19.2","1.19.2"
"diagnostics","Versions","SimpleITK","2.0.2","2.0.2","2.0.2","2.0.2","2.0.2","2.0.2","2.0.2","2.0.2","2.0.2","2.0.2","2.0.2","2.0.2","2.0.2","2.0.2","2.0.2","2.0.2","2.0.2","2.0.2","2.0.2","2.0.2","2.0.2"
"diagnostics","Versions","PyWavelet","1.1.1","1.1.1","1.1.1","1.1.1","1.1.1","1.1.1","1.1.1","1.1.1","1.1.1","1.1.1","1.1.1","1.1.1","1.1.1","1.1.1","1.1.1","1.1.1","1.1.1","1.1.1","1.1.1","1.1.1","1.1.1"
"diagnostics","Versions","Python","3.6.7","3.6.7","3.6.7","3.6.7","3.6.7","3.6.7","3.6.7","3.6.7","3.6.7","3.6.7","3.6.7","3.6.7","3.6.7","3.6.7","3.6.7","3.6.7","3.6.7","3.6.7","3.6.7","3.6.7","3.6.7"
"diagnostics","Configuration","Settings","{'minimumROIDimensions': 2, 'minimumROISize': None, 'normalize': False, 'normalizeScale': 1, 'removeOutliers': None, 'resampledPixelSpacing': [1.0, 1.0, 1.0], 'interpolator': 'sitkBSpline', 'preCrop': False, 'padDistance': 5, 'distances': [1], 'force2D': False, 'force2Ddimension': 0, 'resegmentRange': None, 'label': 203, 'additionalInfo': True, 'binWidth': 25.0, 'symmetricalGLCM': True, 'correctMask': True}","{'minimumROIDimensions': 2, 'minimumROISize': None, 'normalize': False, 'normalizeScale': 1, 'removeOutliers': None, 'resampledPixelSpacing': [1.0, 1.0, 1.0], 'interpolator': 'sitkBSpline', 'preCrop': False, 'padDistance': 5, 'distances': [1], 'force2D': False, 'force2Ddimension': 0, 'resegmentRange': None, 'label': 204, 'additionalInfo': True, 'binWidth': 25.0, 'symmetricalGLCM': True, 'correctMask': True}","{'minimumROIDimensions': 2, 'minimumROISize': None, 'normalize': False, 'normalizeScale': 1, 'removeOutliers': None, 'resampledPixelSpacing': [1.0, 1.0, 1.0], 'interpolator': 'sitkBSpline', 'preCrop': False, 'padDistance': 5, 'distances': [1], 'force2D': False, 'force2Ddimension': 0, 'resegmentRange': None, 'label': 205, 'additionalInfo': True, 'binWidth': 25.0, 'symmetricalGLCM': True, 'correctMask': True}","{'minimumROIDimensions': 2, 'minimumROISize': None, 'normalize': False, 'normalizeScale': 1, 'removeOutliers': None, 'resampledPixelSpacing': [1.0, 1.0, 1.0], 'interpolator': 'sitkBSpline', 'preCrop': False, 'padDistance': 5, 'distances': [1], 'force2D': False, 'force2Ddimension': 0, 'resegmentRange': None, 'label': 206, 'additionalInfo': True, 'binWidth': 25.0, 'symmetricalGLCM': True, 'correctMask': True}","{'minimumROIDimensions': 2, 'minimumROISize': None, 'normalize': False, 'normalizeScale': 1, 'removeOutliers': None, 'resampledPixelSpacing': [1.0, 1.0, 1.0], 'interpolator': 'sitkBSpline', 'preCrop': False, 'padDistance': 5, 'distances': [1], 'force2D': False, 'force2Ddimension': 0, 'resegmentRange': None, 'label': 208, 'additionalInfo': True, 'binWidth': 25.0, 'symmetricalGLCM': True, 'correctMask': True}","{'minimumROIDimensions': 2, 'minimumROISize': None, 'normalize': False, 'normalizeScale': 1, 'removeOutliers': None, 'resampledPixelSpacing': [1.0, 1.0, 1.0], 'interpolator': 'sitkBSpline', 'preCrop': False, 'padDistance': 5, 'distances': [1], 'force2D': False, 'force2Ddimension': 0, 'resegmentRange': None, 'label': 209, 'additionalInfo': True, 'binWidth': 25.0, 'symmetricalGLCM': True, 'correctMask': True}","{'minimumROIDimensions': 2, 'minimumROISize': None, 'normalize': False, 'normalizeScale': 1, 'removeOutliers': None, 'resampledPixelSpacing': [1.0, 1.0, 1.0], 'interpolator': 'sitkBSpline', 'preCrop': False, 'padDistance': 5, 'distances': [1], 'force2D': False, 'force2Ddimension': 0, 'resegmentRange': None, 'label': 210, 'additionalInfo': True, 'binWidth': 25.0, 'symmetricalGLCM': True, 'correctMask': True}","{'minimumROIDimensions': 2, 'minimumROISize': None, 'normalize': False, 'normalizeScale': 1, 'removeOutliers': None, 'resampledPixelSpacing': [1.0, 1.0, 1.0], 'interpolator': 'sitkBSpline', 'preCrop': False, 'padDistance': 5, 'distances': [1], 'force2D': False, 'force2Ddimension': 0, 'resegmentRange': None, 'label': 211, 'additionalInfo': True, 'binWidth': 25.0, 'symmetricalGLCM': True, 'correctMask': True}","{'minimumROIDimensions': 2, 'minimumROISize': None, 'normalize': False, 'normalizeScale': 1, 'removeOutliers': None, 'resampledPixelSpacing': [1.0, 1.0, 1.0], 'interpolator': 'sitkBSpline', 'preCrop': False, 'padDistance': 5, 'distances': [1], 'force2D': False, 'force2Ddimension': 0, 'resegmentRange': None, 'label': 212, 'additionalInfo': True, 'binWidth': 25.0, 'symmetricalGLCM': True, 'correctMask': True}","{'minimumROIDimensions': 2, 'minimumROISize': None, 'normalize': False, 'normalizeScale': 1, 'removeOutliers': None, 'resampledPixelSpacing': [1.0, 1.0, 1.0], 'interpolator': 'sitkBSpline', 'preCrop': False, 'padDistance': 5, 'distances': [1], 'force2D': False, 'force2Ddimension': 0, 'resegmentRange': None, 'label': 214, 'additionalInfo': True, 'binWidth': 25.0, 'symmetricalGLCM': True, 'correctMask': True}","{'minimumROIDimensions': 2, 'minimumROISize': None, 'normalize': False, 'normalizeScale': 1, 'removeOutliers': None, 'resampledPixelSpacing': [1.0, 1.0, 1.0], 'interpolator': 'sitkBSpline', 'preCrop': False, 'padDistance': 5, 'distances': [1], 'force2D': False, 'force2Ddimension': 0, 'resegmentRange': None, 'label': 215, 'additionalInfo': True, 'binWidth': 25.0, 'symmetricalGLCM': True, 'correctMask': True}","{'minimumROIDimensions': 2, 'minimumROISize': None, 'normalize': False, 'normalizeScale': 1, 'removeOutliers': None, 'resampledPixelSpacing': [1.0, 1.0, 1.0], 'interpolator': 'sitkBSpline', 'preCrop': False, 'padDistance': 5, 'distances': [1], 'force2D': False, 'force2Ddimension': 0, 'resegmentRange': None, 'label': 226, 'additionalInfo': True, 'binWidth': 25.0, 'symmetricalGLCM': True, 'correctMask': True}","{'minimumROIDimensions': 2, 'minimumROISize': None, 'normalize': False, 'normalizeScale': 1, 'removeOutliers': None, 'resampledPixelSpacing': [1.0, 1.0, 1.0], 'interpolator': 'sitkBSpline', 'preCrop': False, 'padDistance': 5, 'distances': [1], 'force2D': False, 'force2Ddimension': 0, 'resegmentRange': None, 'label': 7001, 'additionalInfo': True, 'binWidth': 25.0, 'symmetricalGLCM': True, 'correctMask': True}","{'minimumROIDimensions': 2, 'minimumROISize': None, 'normalize': False, 'normalizeScale': 1, 'removeOutliers': None, 'resampledPixelSpacing': [1.0, 1.0, 1.0], 'interpolator': 'sitkBSpline', 'preCrop': False, 'padDistance': 5, 'distances': [1], 'force2D': False, 'force2Ddimension': 0, 'resegmentRange': None, 'label': 7003, 'additionalInfo': True, 'binWidth': 25.0, 'symmetricalGLCM': True, 'correctMask': True}","{'minimumROIDimensions': 2, 'minimumROISize': None, 'normalize': False, 'normalizeScale': 1, 'removeOutliers': None, 'resampledPixelSpacing': [1.0, 1.0, 1.0], 'interpolator': 'sitkBSpline', 'preCrop': False, 'padDistance': 5, 'distances': [1], 'force2D': False, 'force2Ddimension': 0, 'resegmentRange': None, 'label': 7005, 'additionalInfo': True, 'binWidth': 25.0, 'symmetricalGLCM': True, 'correctMask': True}","{'minimumROIDimensions': 2, 'minimumROISize': None, 'normalize': False, 'normalizeScale': 1, 'removeOutliers': None, 'resampledPixelSpacing': [1.0, 1.0, 1.0], 'interpolator': 'sitkBSpline', 'preCrop': False, 'padDistance': 5, 'distances': [1], 'force2D': False, 'force2Ddimension': 0, 'resegmentRange': None, 'label': 7006, 'additionalInfo': True, 'binWidth': 25.0, 'symmetricalGLCM': True, 'correctMask': True}","{'minimumROIDimensions': 2, 'minimumROISize': None, 'normalize': False, 'normalizeScale': 1, 'removeOutliers': None, 'resampledPixelSpacing': [1.0, 1.0, 1.0], 'interpolator': 'sitkBSpline', 'preCrop': False, 'padDistance': 5, 'distances': [1], 'force2D': False, 'force2Ddimension': 0, 'resegmentRange': None, 'label': 7007, 'additionalInfo': True, 'binWidth': 25.0, 'symmetricalGLCM': True, 'correctMask': True}","{'minimumROIDimensions': 2, 'minimumROISize': None, 'normalize': False, 'normalizeScale': 1, 'removeOutliers': None, 'resampledPixelSpacing': [1.0, 1.0, 1.0], 'interpolator': 'sitkBSpline', 'preCrop': False, 'padDistance': 5, 'distances': [1], 'force2D': False, 'force2Ddimension': 0, 'resegmentRange': None, 'label': 7008, 'additionalInfo': True, 'binWidth': 25.0, 'symmetricalGLCM': True, 'correctMask': True}","{'minimumROIDimensions': 2, 'minimumROISize': None, 'normalize': False, 'normalizeScale': 1, 'removeOutliers': None, 'resampledPixelSpacing': [1.0, 1.0, 1.0], 'interpolator': 'sitkBSpline', 'preCrop': False, 'padDistance': 5, 'distances': [1], 'force2D': False, 'force2Ddimension': 0, 'resegmentRange': None, 'label': 7009, 'additionalInfo': True, 'binWidth': 25.0, 'symmetricalGLCM': True, 'correctMask': True}","{'minimumROIDimensions': 2, 'minimumROISize': None, 'normalize': False, 'normalizeScale': 1, 'removeOutliers': None, 'resampledPixelSpacing': [1.0, 1.0, 1.0], 'interpolator': 'sitkBSpline', 'preCrop': False, 'padDistance': 5, 'distances': [1], 'force2D': False, 'force2Ddimension': 0, 'resegmentRange': None, 'label': 7010, 'additionalInfo': True, 'binWidth': 25.0, 'symmetricalGLCM': True, 'correctMask': True}","{'minimumROIDimensions': 2, 'minimumROISize': None, 'normalize': False, 'normalizeScale': 1, 'removeOutliers': None, 'resampledPixelSpacing': [1.0, 1.0, 1.0], 'interpolator': 'sitkBSpline', 'preCrop': False, 'padDistance': 5, 'distances': [1], 'force2D': False, 'force2Ddimension': 0, 'resegmentRange': None, 'label': 7015, 'additionalInfo': True, 'binWidth': 25.0, 'symmetricalGLCM': True, 'correctMask': True}"
"diagnostics","Configuration","EnabledImageTypes","{'Original': {}}","{'Original': {}}","{'Original': {}}","{'Original': {}}","{'Original': {}}","{'Original': {}}","{'Original': {}}","{'Original': {}}","{'Original': {}}","{'Original': {}}","{'Original': {}}","{'Original': {}}","{'Original': {}}","{'Original': {}}","{'Original': {}}","{'Original': {}}","{'Original': {}}","{'Original': {}}","{'Original': {}}","{'Original': {}}","{'Original': {}}"
"diagnostics","Image-original","Hash","008f6e5d256ca5066482c76cea455d14d7c98cc6","008f6e5d256ca5066482c76cea455d14d7c98cc6","008f6e5d256ca5066482c76cea455d14d7c98cc6","008f6e5d256ca5066482c76cea455d14d7c98cc6","008f6e5d256ca5066482c76cea455d14d7c98cc6","008f6e5d256ca5066482c76cea455d14d7c98cc6","008f6e5d256ca5066482c76cea455d14d7c98cc6","008f6e5d256ca5066482c76cea455d14d7c98cc6","008f6e5d256ca5066482c76cea455d14d7c98cc6","008f6e5d256ca5066482c76cea455d14d7c98cc6","008f6e5d256ca5066482c76cea455d14d7c98cc6","008f6e5d256ca5066482c76cea455d14d7c98cc6","008f6e5d256ca5066482c76cea455d14d7c98cc6","008f6e5d256ca5066482c76cea455d14d7c98cc6","008f6e5d256ca5066482c76cea455d14d7c98cc6","008f6e5d256ca5066482c76cea455d14d7c98cc6","008f6e5d256ca5066482c76cea455d14d7c98cc6","008f6e5d256ca5066482c76cea455d14d7c98cc6","008f6e5d256ca5066482c76cea455d14d7c98cc6","008f6e5d256ca5066482c76cea455d14d7c98cc6","008f6e5d256ca5066482c76cea455d14d7c98cc6"
"diagnostics","Image-original","Dimensionality","3D","3D","3D","3D","3D","3D","3D","3D","3D","3D","3D","3D","3D","3D","3D","3D","3D","3D","3D","3D","3D"
"diagnostics","Image-original","Spacing","(1.0000001192092896, 1.0, 1.0000001192092896)","(1.0000001192092896, 1.0, 1.0000001192092896)","(1.0000001192092896, 1.0, 1.0000001192092896)","(1.0000001192092896, 1.0, 1.0000001192092896)","(1.0000001192092896, 1.0, 1.0000001192092896)","(1.0000001192092896, 1.0, 1.0000001192092896)","(1.0000001192092896, 1.0, 1.0000001192092896)","(1.0000001192092896, 1.0, 1.0000001192092896)","(1.0000001192092896, 1.0, 1.0000001192092896)","(1.0000001192092896, 1.0, 1.0000001192092896)","(1.0000001192092896, 1.0, 1.0000001192092896)","(1.0000001192092896, 1.0, 1.0000001192092896)","(1.0000001192092896, 1.0, 1.0000001192092896)","(1.0000001192092896, 1.0, 1.0000001192092896)","(1.0000001192092896, 1.0, 1.0000001192092896)","(1.0000001192092896, 1.0, 1.0000001192092896)","(1.0000001192092896, 1.0, 1.0000001192092896)","(1.0000001192092896, 1.0, 1.0000001192092896)","(1.0000001192092896, 1.0, 1.0000001192092896)","(1.0000001192092896, 1.0, 1.0000001192092896)","(1.0000001192092896, 1.0, 1.0000001192092896)"
"diagnostics","Image-original","Size","(256, 256, 256)","(256, 256, 256)","(256, 256, 256)","(256, 256, 256)","(256, 256, 256)","(256, 256, 256)","(256, 256, 256)","(256, 256, 256)","(256, 256, 256)","(256, 256, 256)","(256, 256, 256)","(256, 256, 256)","(256, 256, 256)","(256, 256, 256)","(256, 256, 256)","(256, 256, 256)","(256, 256, 256)","(256, 256, 256)","(256, 256, 256)","(256, 256, 256)","(256, 256, 256)"
"diagnostics","Image-original","Mean","14.43733286857605","14.43733286857605","14.43733286857605","14.43733286857605","14.43733286857605","14.43733286857605","14.43733286857605","14.43733286857605","14.43733286857605","14.43733286857605","14.43733286857605","14.43733286857605","14.43733286857605","14.43733286857605","14.43733286857605","14.43733286857605","14.43733286857605","14.43733286857605","14.43733286857605","14.43733286857605","14.43733286857605"
"diagnostics","Image-original","Minimum","0.0","0.0","0.0","0.0","0.0","0.0","0.0","0.0","0.0","0.0","0.0","0.0","0.0","0.0","0.0","0.0","0.0","0.0","0.0","0.0","0.0"
"diagnostics","Image-original","Maximum","234.0","234.0","234.0","234.0","234.0","234.0","234.0","234.0","234.0","234.0","234.0","234.0","234.0","234.0","234.0","234.0","234.0","234.0","234.0","234.0","234.0"
"diagnostics","Mask-original","Hash","706ee80041be73b5735e01a0790d17dfc270c994","706ee80041be73b5735e01a0790d17dfc270c994","706ee80041be73b5735e01a0790d17dfc270c994","706ee80041be73b5735e01a0790d17dfc270c994","706ee80041be73b5735e01a0790d17dfc270c994","706ee80041be73b5735e01a0790d17dfc270c994","706ee80041be73b5735e01a0790d17dfc270c994","706ee80041be73b5735e01a0790d17dfc270c994","706ee80041be73b5735e01a0790d17dfc270c994","706ee80041be73b5735e01a0790d17dfc270c994","706ee80041be73b5735e01a0790d17dfc270c994","706ee80041be73b5735e01a0790d17dfc270c994","706ee80041be73b5735e01a0790d17dfc270c994","706ee80041be73b5735e01a0790d17dfc270c994","706ee80041be73b5735e01a0790d17dfc270c994","706ee80041be73b5735e01a0790d17dfc270c994","706ee80041be73b5735e01a0790d17dfc270c994","706ee80041be73b5735e01a0790d17dfc270c994","706ee80041be73b5735e01a0790d17dfc270c994","706ee80041be73b5735e01a0790d17dfc270c994","706ee80041be73b5735e01a0790d17dfc270c994"
"diagnostics","Mask-original","Spacing","(1.000000238418579, 1.0, 1.000000238418579)","(1.000000238418579, 1.0, 1.000000238418579)","(1.000000238418579, 1.0, 1.000000238418579)","(1.000000238418579, 1.0, 1.000000238418579)","(1.000000238418579, 1.0, 1.000000238418579)","(1.000000238418579, 1.0, 1.000000238418579)","(1.000000238418579, 1.0, 1.000000238418579)","(1.000000238418579, 1.0, 1.000000238418579)","(1.000000238418579, 1.0, 1.000000238418579)","(1.000000238418579, 1.0, 1.000000238418579)","(1.000000238418579, 1.0, 1.000000238418579)","(1.000000238418579, 1.0, 1.000000238418579)","(1.000000238418579, 1.0, 1.000000238418579)","(1.000000238418579, 1.0, 1.000000238418579)","(1.000000238418579, 1.0, 1.000000238418579)","(1.000000238418579, 1.0, 1.000000238418579)","(1.000000238418579, 1.0, 1.000000238418579)","(1.000000238418579, 1.0, 1.000000238418579)","(1.000000238418579, 1.0, 1.000000238418579)","(1.000000238418579, 1.0, 1.000000238418579)","(1.000000238418579, 1.0, 1.000000238418579)"
"diagnostics","Mask-original","Size","(256, 256, 256)","(256, 256, 256)","(256, 256, 256)","(256, 256, 256)","(256, 256, 256)","(256, 256, 256)","(256, 256, 256)","(256, 256, 256)","(256, 256, 256)","(256, 256, 256)","(256, 256, 256)","(256, 256, 256)","(256, 256, 256)","(256, 256, 256)","(256, 256, 256)","(256, 256, 256)","(256, 256, 256)","(256, 256, 256)","(256, 256, 256)","(256, 256, 256)","(256, 256, 256)"
"diagnostics","Mask-original","BoundingBox","(112, 154, 103, 10, 5, 12)","(106, 148, 86, 12, 13, 29)","(99, 150, 86, 19, 13, 32)","(95, 150, 87, 27, 13, 31)","(97, 147, 86, 17, 10, 24)","(99, 148, 86, 16, 10, 25)","(98, 147, 86, 20, 12, 25)","(110, 147, 107, 11, 5, 8)","(102, 146, 86, 6, 7, 17)","(96, 147, 86, 24, 14, 30)","(98, 148, 87, 19, 12, 27)","(97, 138, 79, 26, 18, 12)","(99, 149, 112, 15, 14, 11)","(102, 148, 110, 18, 10, 12)","(103, 144, 108, 7, 8, 10)","(107, 142, 107, 9, 6, 10)","(108, 145, 107, 6, 4, 10)","(106, 144, 108, 13, 9, 12)","(107, 145, 109, 14, 8, 14)","(105, 148, 122, 9, 4, 2)","(109, 151, 111, 13, 8, 9)"
"diagnostics","Mask-original","VoxelNum","67","284","432","714","215","232","281","65","48","502","182","639","676","474","44","16","20","264","168","24","48"
"diagnostics","Mask-original","VolumeNum","1","1","1","2","1","1","3","1","3","3","8","2","1","1","1","3","3","1","1","1","1"
"diagnostics","Mask-original","CenterOfMassIndex","(115.73134328358209, 156.86567164179104, 109.65671641791045)","(110.08802816901408, 154.89788732394365, 100.83450704225352)","(104.61342592592592, 156.64583333333334, 100.71527777777777)","(105.32352941176471, 155.0672268907563, 107.27450980392157)","(103.71627906976744, 151.5767441860465, 100.52093023255814)","(103.6853448275862, 153.56465517241378, 100.79310344827586)","(104.84697508896797, 153.52669039145908, 101.39145907473309)","(114.93846153846154, 148.98461538461538, 109.83076923076923)","(104.33333333333333, 148.91666666666666, 91.9375)","(104.08565737051792, 154.71513944223108, 102.93625498007968)","(105.46153846153847, 154.0879120879121, 99.8956043956044)","(109.38184663536776, 146.3568075117371, 83.17683881064163)","(106.07988165680473, 155.2647928994083, 118.40976331360947)","(110.81434599156118, 151.70675105485233, 116.56962025316456)","(106.20454545454545, 147.1590909090909, 111.54545454545455)","(108.3125, 144.1875, 111.6875)","(110.5, 145.5, 112.1)","(110.56439393939394, 148.37878787878788, 113.62121212121212)","(114.33333333333333, 148.32738095238096, 114.625)","(108.16666666666667, 149.79166666666666, 122.70833333333333)","(114.27083333333333, 154.58333333333334, 115.83333333333333)"
"diagnostics","Mask-original","CenterOfMass","(-17.850961748441946, 4.198680411523853, -5.496433738905182)","(-23.49427820756523, 13.020891890559398, -3.5286494196240596)","(-28.96888175671424, 13.140121183461616, -5.276595427737476)","(-28.25877810083817, 6.58088759347504, -3.6979889854148382)","(-29.86602882440873, 13.334468775017314, -0.2075062802391301)","(-29.896963074890948, 13.062295494408446, -2.195417266602874)","(-28.735332536537243, 12.463939725292121, -2.1574524859267683)","(-18.643843678930338, 4.0246275571676335, 2.3846225184527157)","(-29.248974412487343, 21.917901054024696, 2.4525712391136096)","(-29.49665043705292, 10.919143451637481, -3.345901536542499)","(-28.12076901770483, 13.959794761060365, -2.7186741825025535)","(-24.200459905601946, 30.67856433208746, 5.012430392986715)","(-27.5024256755612, -4.554368571064188, -3.895554994394132)","(-22.767960210363725, -2.7142250718949725, -0.3375131509155267)","(-27.377761844324127, 2.309941833669484, 4.210146995987401)","(-25.26980679491028, 2.167896345257759, 7.181737904585617)","(-23.082306273980805, 1.7553962469100952, 5.869237904070673)","(-23.017912320574624, 0.23418376301273724, 2.9904500252471564)","(-19.24897202802609, -0.769604355096817, 3.041856950762906)","(-25.415640165622108, -8.852939615646989, 1.5775712378032551)","(-19.311472045840347, -1.9779379765192573, -3.214095430191321)"
"diagnostics","Image-interpolated","Spacing","(1.0000001192092896, 1.0, 1.0000001192092896)","(1.0000001192092896, 1.0, 1.0000001192092896)","(1.0000001192092896, 1.0, 1.0000001192092896)","(1.0000001192092896, 1.0, 1.0000001192092896)","(1.0000001192092896, 1.0, 1.0000001192092896)","(1.0000001192092896, 1.0, 1.0000001192092896)","(1.0000001192092896, 1.0, 1.0000001192092896)","(1.0000001192092896, 1.0, 1.0000001192092896)","(1.0000001192092896, 1.0, 1.0000001192092896)","(1.0000001192092896, 1.0, 1.0000001192092896)","(1.0000001192092896, 1.0, 1.0000001192092896)","(1.0000001192092896, 1.0, 1.0000001192092896)","(1.0000001192092896, 1.0, 1.0000001192092896)","(1.0000001192092896, 1.0, 1.0000001192092896)","(1.0000001192092896, 1.0, 1.0000001192092896)","(1.0000001192092896, 1.0, 1.0000001192092896)","(1.0000001192092896, 1.0, 1.0000001192092896)","(1.0000001192092896, 1.0, 1.0000001192092896)","(1.0000001192092896, 1.0, 1.0000001192092896)","(1.0000001192092896, 1.0, 1.0000001192092896)","(1.0000001192092896, 1.0, 1.0000001192092896)"
"diagnostics","Image-interpolated","Size","(20, 15, 22)","(22, 23, 39)","(29, 23, 42)","(37, 23, 41)","(27, 20, 34)","(26, 20, 35)","(30, 22, 35)","(21, 15, 18)","(16, 17, 27)","(34, 24, 40)","(29, 22, 37)","(36, 28, 22)","(25, 24, 21)","(28, 20, 22)","(17, 18, 20)","(19, 16, 20)","(16, 14, 20)","(23, 19, 22)","(24, 18, 24)","(19, 14, 12)","(23, 18, 19)"
"diagnostics","Image-interpolated","Mean","77.73272727272727","78.7577277794669","80.51799100449774","82.34381359089737","85.13927015250545","83.00494505494505","83.15290043290044","84.49858906525573","87.16639433551198","83.32408088235294","82.71024315851902","80.23741883116882","83.36126984126984","80.15235389610389","86.67238562091504","91.46069078947369","87.74464285714286","83.4317661743291","79.56722608024691","70.80075187969925","74.71535723366387"
"diagnostics","Image-interpolated","Minimum","7.0","6.0","0.0","0.0","3.0","3.0","3.0","7.0","9.0","3.0","3.0","3.0","3.0","3.0","4.0","10.0","10.0","4.0","3.0","3.0","4.0"
"diagnostics","Image-interpolated","Maximum","143.0","147.0","208.0","211.0","128.0","130.0","130.0","143.0","128.0","195.0","131.0","122.0","135.0","211.0","128.0","131.0","128.0","165.0","194.0","118.0","211.0"
"diagnostics","Mask-interpolated","Spacing","(1.0000001192092896, 1.0, 1.0000001192092896)","(1.0000001192092896, 1.0, 1.0000001192092896)","(1.0000001192092896, 1.0, 1.0000001192092896)","(1.0000001192092896, 1.0, 1.0000001192092896)","(1.0000001192092896, 1.0, 1.0000001192092896)","(1.0000001192092896, 1.0, 1.0000001192092896)","(1.0000001192092896, 1.0, 1.0000001192092896)","(1.0000001192092896, 1.0, 1.0000001192092896)","(1.0000001192092896, 1.0, 1.0000001192092896)","(1.0000001192092896, 1.0, 1.0000001192092896)","(1.0000001192092896, 1.0, 1.0000001192092896)","(1.0000001192092896, 1.0, 1.0000001192092896)","(1.0000001192092896, 1.0, 1.0000001192092896)","(1.0000001192092896, 1.0, 1.0000001192092896)","(1.0000001192092896, 1.0, 1.0000001192092896)","(1.0000001192092896, 1.0, 1.0000001192092896)","(1.0000001192092896, 1.0, 1.0000001192092896)","(1.0000001192092896, 1.0, 1.0000001192092896)","(1.0000001192092896, 1.0, 1.0000001192092896)","(1.0000001192092896, 1.0, 1.0000001192092896)","(1.0000001192092896, 1.0, 1.0000001192092896)"
"diagnostics","Mask-interpolated","Size","(20, 15, 22)","(22, 23, 39)","(29, 23, 42)","(37, 23, 41)","(27, 20, 34)","(26, 20, 35)","(30, 22, 35)","(21, 15, 18)","(16, 17, 27)","(34, 24, 40)","(29, 22, 37)","(36, 28, 22)","(25, 24, 21)","(28, 20, 22)","(17, 18, 20)","(19, 16, 20)","(16, 14, 20)","(23, 19, 22)","(24, 18, 24)","(19, 14, 12)","(23, 18, 19)"
"diagnostics","Mask-interpolated","BoundingBox","(5, 5, 5, 10, 5, 12)","(5, 5, 5, 12, 13, 29)","(5, 5, 5, 19, 13, 32)","(5, 5, 5, 27, 13, 31)","(5, 5, 5, 17, 10, 24)","(5, 5, 5, 16, 10, 25)","(5, 5, 5, 20, 12, 25)","(5, 5, 5, 11, 5, 8)","(5, 5, 5, 6, 7, 17)","(5, 5, 5, 24, 14, 30)","(5, 5, 5, 19, 12, 27)","(5, 5, 5, 26, 18, 12)","(5, 5, 5, 15, 14, 11)","(5, 5, 5, 18, 10, 12)","(5, 5, 5, 7, 8, 10)","(5, 5, 5, 9, 6, 10)","(5, 5, 5, 6, 4, 10)","(5, 5, 5, 13, 9, 12)","(5, 5, 5, 14, 8, 14)","(5, 5, 5, 9, 4, 2)","(5, 5, 5, 13, 8, 9)"
"diagnostics","Mask-interpolated","VoxelNum","67","284","432","714","215","232","281","65","48","502","182","639","676","474","44","16","20","264","168","24","48"
"diagnostics","Mask-interpolated","VolumeNum","1","1","1","2","1","1","3","1","3","3","8","2","1","1","1","3","3","1","1","1","1"
"diagnostics","Mask-interpolated","CenterOfMassIndex","(8.73134328358209, 7.865671641791045, 11.656716417910447)","(9.088028169014084, 11.897887323943662, 19.83450704225352)","(10.613425925925926, 11.645833333333334, 19.71527777777778)","(15.323529411764707, 10.067226890756302, 25.274509803921568)","(11.716279069767442, 9.576744186046511, 19.52093023255814)","(9.685344827586206, 10.564655172413794, 19.79310344827586)","(11.846975088967971, 11.526690391459075, 20.391459074733095)","(9.938461538461539, 6.984615384615385, 7.8307692307692305)","(7.333333333333333, 7.916666666666667, 10.9375)","(13.085657370517929, 12.715139442231076, 21.93625498007968)","(12.461538461538462, 11.087912087912088, 17.895604395604394)","(17.38184663536776, 13.35680751173709, 9.176838810641627)","(12.079881656804734, 11.264792899408285, 11.409763313609467)","(13.814345991561181, 8.70675105485232, 11.569620253164556)","(8.204545454545455, 8.159090909090908, 8.545454545454545)","(6.3125, 7.1875, 9.6875)","(7.5, 5.5, 10.1)","(9.56439393939394, 9.378787878787879, 10.621212121212121)","(12.333333333333334, 8.327380952380953, 10.625)","(8.166666666666666, 6.791666666666667, 5.708333333333333)","(10.270833333333334, 8.583333333333334, 9.833333333333334)"
"diagnostics","Mask-interpolated","CenterOfMass","(-17.850964100601423, 4.198685854228575, -5.4964318315565635)","(-23.49427988698912, 13.020896281574814, -3.5286475122754357)","(-28.968882783514672, 13.14012556026379, -5.276593520388834)","(-28.258779212289554, 6.580892752198611, -3.6979870780662125)","(-29.866029744260928, 13.334473128651464, -0.2075043728904884)","(-29.896963991055493, 13.062299880488165, -2.195415359254266)","(-28.735333591178904, 12.463944182701383, -2.1574505785781355)","(-18.643845936570933, 4.02463302062108, 2.3846244258013396)","(-29.248975405898147, 21.917904384434223, 2.4525731464622513)","(-29.496651400938433, 10.919148093200775, -3.3458996291938554)","(-28.120770145608155, 13.959799040149857, -2.7186722751539225)","(-24.20046150084242, 30.678566618144792, 5.01243230033535)","(-27.50242687717678, -4.5543620849149455, -3.8955530870455144)","(-22.767961976371446, -2.7142188051078886, -0.33751124356688855)","(-27.377763060800795, 2.309947501529347, 4.210148903336055)","(-25.269808262674722, 2.1679020300507545, 7.181739811934237)","(-23.08230800251556, 1.7554019808769237, 5.869239811419318)","(-23.017914056785735, 0.23418967832218485, 2.9904519325957892)","(-19.248974213529763, -0.7695983201265335, 3.041858858111558)","(-25.415641616001864, -8.85293261706829, 1.5775731451518595)","(-19.31147422389345, -1.977931797504425, -3.2140935228426804)"
"diagnostics","Mask-interpolated","Mean","79.31343283582089","82.64084507042253","79.08101851851852","75.21988795518207","77.81395348837209","73.03448275862068","73.62633451957295","72.26153846153846","94.45833333333333","76.29083665338645","62.027472527472526","73.32394366197182","78.51479289940828","76.71940928270043","81.5909090909091","76.3125","79.8","76.625","73.60714285714286","75.58333333333333","78.75"
"diagnostics","Mask-interpolated","Minimum","56.0","54.0","61.0","57.0","58.0","58.0","60.0","57.0","79.0","56.0","47.0","54.0","57.0","61.0","69.0","62.0","73.0","62.0","61.0","70.0","67.0"
"diagnostics","Mask-interpolated","Maximum","92.0","98.0","104.0","99.0","98.0","95.0","96.0","87.0","108.0","99.0","73.0","93.0","100.0","92.0","91.0","86.0","88.0","90.0","90.0","84.0","89.0"
"original","shape","Elongation","0.2769687689453815","0.2745701005272824","0.33929833083249245","0.5369377087205675","0.4903225898019406","0.48200698629683536","0.6499469183726098","0.31758234187302353","0.3839878918362183","0.5386443229053982","0.5453766896139917","0.36108101461497033","0.6722598088233659","0.5044651692400999","0.5649597076036805","0.6962307146394319","0.30273709917105124","0.6404648925787843","0.8220892958340625","0.30791717451576306","0.5758704359701836"
"original","shape","Flatness","0.19299013272585686","0.07581387746039431","0.07521607781248216","0.20287849045031034","0.14257079389421648","0.10205210189729469","0.1712629814360552","0.2404944015793855","0.08462309152515113","0.1954742032450187","0.10801085793229769","0.29146608715609296","0.5938178725514426","0.37150509832165257","0.23296131057323421","0.2098933406101506","0.20281893361951123","0.3780814743347738","0.381117706730529","0.1336591090322056","0.16127742596329017"
"original","shape","LeastAxisLength","2.668827542282448","2.725983483257113","2.8102637535350445","7.214414834772957","3.807680521659466","2.7185257634434623","4.761430332305974","2.8214334652538278","1.3634089375937875","6.603431580545893","3.1194677383281593","6.511984846607069","8.272538491305708","6.363619072110076","2.6587253944415163","2.4793200599729857","2.38498737135061","4.57912753511871","4.696516794877926","1.317833766262694","2.3241180690285885"
"original","shape","MajorAxisLength","13.8288289903066","35.95625991667799","37.362540500199806","35.56027461935367","26.70729689900344","26.63860628935785","27.801865250627777","11.731805176023995","16.111547250534613","33.78160120836389","28.88105694228884","22.342169924968367","13.931103918717191","17.129291363319044","11.412733676245841","11.812285481596094","11.759194907438236","12.111483492217085","12.3230086451969","9.85966295754042","14.410684292280322"
"original","shape","Maximum2DDiameterColumn","12.529965579829785","18.867964513349584","31.38471339429937","35.608991874451824","22.472207733139832","18.60107745515924","25.00000298023224","11.661905179897866","6.324556074282505","30.000003576278687","22.472207733139832","15.297060364329834","15.297060364329834","17.720047259063342","10.049876819159422","10.630147079946779","9.433982256674792","13.60147213015708","14.42220682111678","9.000001072883606","11.180341220299324"
"original","shape","Maximum2DDiameterRow","6.082763235822134","30.675726568575957","32.57299846683244","26.683331148321212","23.53720727111515","25.298223995551737","26.000002640944285","5.385164895680946","16.155496081649225","31.953093975024295","27.856779447218393","11.704700073675424","13.341664144542364","11.401755516088292","9.055386204458982","8.944272762991408","7.071068637943707","11.045362323104198","14.142137275887414","3.162277697865669","10.00000042915346"
"original","shape","Maximum2DDiameterSlice","5.830952405950921","8.062258472817097","14.764824424717764","22.472207393636246","14.142137275887414","15.033298162551805","18.68154375975455","7.280110691638629","6.082763235822134","20.24845885664171","16.03122144551562","23.706541399845733","15.811389997219836","16.278822470779634","8.062257984876041","6.082763235822134","4.000000476837158","12.083047167360135","10.770330721099484","9.055386204458982","14.317822470359879"
"original","shape","Maximum3DDiameter","14.525840704088553","30.74085557468613","33.58571489628163","35.81899364377281","24.779026167425283","25.980764985851348","27.23967983649386","12.569806578930287","18.138359072877783","32.93934149905598","29.983331794343094","30.347984658844812","16.49242342767066","19.078786277714144","10.677079245713914","12.369318312840461","10.723806473093912","14.456834009943789","15.779735688932034","9.110434652107696","14.798649956369697"
"original","shape","MeshVolume","56.62501350045287","259.5417285462263","395.3750942647523","672.1668269236991","174.00004148483484","207.29171608885443","201.79171477755145","58.41668059428616","36.83334211508485","416.7500993609486","124.20836294690935","609.3751452863281","662.1668245395083","459.7501096129463","24.333339134852434","7.541668464740216","10.541669179996001","251.54172663887644","152.25003629923089","18.166670997937775","31.00000739097644"
"original","shape","MinorAxisLength","3.8301537414014226","9.872513899907371","12.677047627379194","19.093652375589908","13.095190982128702","12.8399943366813","18.069736644656068","3.725814162199759","6.186639062952405","18.19626770953935","15.75105522773868","8.067333385207654","9.365321257095262","8.641130866559724","6.4477346806905285","8.224075962376634","3.55994455486485","7.756979973812534","10.130613499686985","3.035959559563578","8.298687046024147"
"original","shape","Sphericity","0.5690160497605423","0.4088189855695029","0.3914584525314143","0.33351338338468844","0.2989703361536079","0.4029817382201343","0.22918132366295355","0.6113263630204033","0.4383813709096451","0.23347616076916475","0.2643789119638533","0.5649247952867734","0.7255386445138612","0.635771213954582","0.37065865138148824","0.5373392234194697","0.5056928016911555","0.6999945801751968","0.4726077064118478","0.5931415836885612","0.39337998646650124"
"original","shape","SurfaceArea","125.32329952588877","481.30960667615943","665.4845671993346","1112.6423213413298","504.1451489507338","420.32645333146525","725.9506888112992","119.09739160795272","122.12168424851106","1155.647513665278","455.3631389427606","615.2948951958084","506.3706444930738","453.1039259214501","109.55809089899587","34.61097807940204","45.97660949739592","275.2936150705646","291.7572087126052","56.34334839065043","121.3145975118959"
"original","shape","SurfaceVolumeRatio","2.2132144749932197","1.8544594326782202","1.6831727057489128","1.655306802975612","2.897385222719462","2.0277050200659956","3.5975247527459855","2.038756574258378","3.3155200488444665","2.7729987717756197","3.666123022146242","1.0097144590738087","0.7647176296475136","0.9855439214640069","4.502386223766419","4.589299866630277","4.361416461886481","1.09442524208235","1.916303048619234","3.101467979303768","3.9133731802660296"
"original","shape","VoxelVolume","67.00001597404575","284.0000677108805","432.0001029968323","714.0001702308756","215.00005125999758","232.00005531311365","281.0000669956247","65.00001549720857","48.00001144409248","502.00011968613387","182.00004339218398","639.0001523494811","676.000161170969","474.0001130104132","44.000010490418106","16.000003814697493","20.000004768371866","264.00006294250863","168.00004005432368","24.00000572204624","48.00001144409248"
"original","firstorder","10Percentile","66.0","72.3","70.0","67.0","67.4","65.0","65.0","65.0","85.7","67.0","54.1","64.0","69.0","68.30000000000001","78.0","63.5","73.9","69.0","67.0","72.0","70.69999999999999"
"original","firstorder","90Percentile","89.0","91.0","87.90000000000003","84.0","87.0","82.0","84.0","79.0","104.0","86.0","68.0","82.20000000000005","88.0","84.0","88.0","83.5","85.30000000000001","84.0","81.30000000000001","81.0","86.0"
"original","firstorder","Energy","426568.0","1954300.0","2723727.0","4071009.0","1313858.0","1248582.0","1537145.0","341715.0","430312.0","2948356.0","705901.0","3468168.0","4202694.0","2807501.0","293774.0","94077.0","127800.0","1557617.0","916104.0","137424.0","299190.0"
"original","firstorder","Entropy","0.879458773642903","0.5771873251692679","0.8933129020284786","0.9999943401010298","0.9103480624345148","0.9293636260137181","0.9297040938627699","0.9374561707820042","0.6962122601251453","0.991636938894918","0.12121270815218269","0.9773229778880468","0.9141912613675056","0.9578630237479788","0.3591016256485489","0.8960382325345568","0.6098403047163998","0.9360814319397579","0.9768740126265274","0.9949848281859694","0.7765557854444594"
"original","firstorder","InterquartileRange","12.5","9.0","11.0","9.0","10.0","9.0","9.0","9.0","7.0","10.0","9.0","10.0","11.0","8.75","4.25","10.5","8.25","7.0","9.0","4.5","8.25"
"original","firstorder","Kurtosis","2.918907690803945","4.104417531112975","2.643991423650309","2.9415670245317","2.788368709258337","3.08346570336755","3.223143005587013","2.675349098239985","2.8525435453842443","3.0844087178010735","2.52598780672876","2.6701879730264","2.5132971726169733","2.53737977097685","3.8913829271405924","2.361206821713134","1.8779698806573308","2.563933148064935","2.6392046192088663","2.5889736217375297","2.2485364179982357"
"original","firstorder","Maximum","92.0","98.0","104.0","99.0","98.0","95.0","96.0","87.0","108.0","99.0","73.0","93.0","100.0","92.0","91.0","86.0","88.0","90.0","90.0","84.0","89.0"
"original","firstorder","MeanAbsoluteDeviation","7.097794609044332","5.608361436222972","5.929365997942386","5.384243893635886","5.990265008112494","5.4447086801426865","5.497980015450664","4.872899408284024","4.954861111111111","5.873303598355582","4.66392947711629","5.792016575194516","5.971149469556389","5.034743363777173","3.235537190082645","6.1953125","4.0200000000000005","4.362689393939394","4.819302721088436","2.9791666666666656","4.583333333333333"
"original","firstorder","Mean","79.31343283582089","82.64084507042253","79.08101851851852","75.21988795518207","77.81395348837209","73.03448275862068","73.62633451957295","72.26153846153846","94.45833333333333","76.29083665338645","62.027472527472526","73.32394366197182","78.51479289940828","76.71940928270043","81.5909090909091","76.3125","79.8","76.625","73.60714285714286","75.58333333333333","78.75"
"original","firstorder","Median","81.0","84.0","79.0","75.0","78.0","72.0","73.0","73.0","94.0","75.0","63.0","73.0","79.0","77.0","81.0","78.5","80.0","77.0","73.0","75.0","79.0"
"original","firstorder","Minimum","56.0","54.0","61.0","57.0","58.0","58.0","60.0","57.0","79.0","56.0","47.0","54.0","57.0","61.0","69.0","62.0","73.0","62.0","61.0","70.0","67.0"
"original","firstorder","Range","36.0","44.0","43.0","42.0","40.0","37.0","36.0","30.0","29.0","43.0","26.0","39.0","43.0","31.0","22.0","24.0","15.0","28.0","29.0","14.0","22.0"
"original","firstorder","RobustMeanAbsoluteDeviation","5.351800554016622","3.934631054775917","4.380592312539383","3.9822899161480554","4.279825604439161","3.8864399044269646","4.001341713155852","3.6902812388750443","3.5475000000000003","4.410198543226454","3.4683805592043533","4.203500245971289","4.5759679968703555","3.6427482404048983","2.0370370370370363","4.041666666666667","3.171875","3.4176912835774145","3.488754325259516","2.254999999999998","3.5"
"original","firstorder","RootMeanSquared","79.79151939375625","82.95383070219852","79.40354910903612","75.5095575229449","78.17267708004162","73.36088171169456","73.96125272001949","72.50623315380442","94.68280378893168","76.63693054595791","62.27822190041173","73.67152066943154","78.84797371258111","76.96101539282962","81.71096510372288","76.67993544598221","79.93747556684536","76.81187664638453","73.84443106964804","75.67033764957046","78.95014249512157"
"original","firstorder","Skewness","-0.7901497558953903","-0.8119176738683243","0.05382382435350819","0.2990350570636451","-0.19663592310431055","0.4288521861901874","0.7133980524602409","-0.1700762389385388","0.02705386812203166","0.3121289986306084","-0.44123509030624325","-0.01643359956335832","-0.12798381152981728","-0.06138974956064626","-0.07076634381803089","-0.7783163631229183","0.1640691166353248","-0.09722364348728454","0.29048251517405715","0.6568121991994654","-0.3570527394561224"
"original","firstorder","TotalEnergy","426568.1017017425","1954300.4659414568","2723727.64938716","4071009.970604239","1313858.3132481761","1248582.297685164","1537145.3664839487","341715.0814712096","430312.1025943817","2948356.70294289","705901.1682999234","3468168.826875736","4202695.0020003915","2807501.6693604393","293774.07004118385","94077.022429706","127800.03046989623","1557617.371364854","916104.218416227","137424.03276443676","299190.07133245893"
"original","firstorder","Uniformity","0.5811984851860102","0.763067843681809","0.583536951303155","0.5000039231378826","0.5608436992969172","0.5481569560047562","0.5479287243069363","0.5427218934911243","0.6953125","0.5057856224504372","0.9675763796642916","0.5156359824745728","0.5663623472567487","0.5289216471719276","0.8729338842975205","0.5703125","0.7449999999999999","0.543646694214876","0.5159438775510204","0.5034722222222221","0.6467013888888888"
"original","firstorder","Variance","76.06593896190685","51.82875421543345","51.11612118484225","43.66173332077929","55.9560843699297","47.7832936979786","49.429769126530815","35.42390532544378","42.45659722222223","52.927366232282026","31.169574930563943","51.09224360245983","52.430254542908166","37.13012960885898","19.605371900826444","56.21484375","21.96","28.673768939393938","34.98852040816327","13.15972222222222","31.562499999999996"
"original","glcm","Autocorrelation","3.100234471979402","3.540116975327095","2.9460522766988984","2.3111745567166846","2.960191721767267","1.8494183467665286","1.871959935640264","1.8842869252071597","1.3818941679235797","2.5471431514114276","3.9428018545176826","1.9844759218399484","2.871211268659623","2.6017644205038226","3.749880778757784","2.880555555555556","3.2053571428571423","2.7180788105508293","1.9337693035481154","2.3121872082166197","2.970159862497324"
"original","glcm","ClusterProminence","0.4014074295520867","0.25180308691049413","0.5764134421894187","0.5993464536580893","0.47960260039409436","0.6125558284032421","0.5739203211481687","0.5280304672481463","0.37944977179167694","0.5756893288671171","0.02315319181812587","0.592484923882671","0.7293348567497399","0.5785791541258812","0.0568834822894927","0.1095751350308642","0.04672302267748441","0.5545315493784069","0.5257903224340166","0.30676148483446325","0.33887872350118253"
"original","glcm","ClusterShade","-0.20059900360742738","-0.18029356330656435","-0.24072636191708374","-0.0036664192088142734","-0.2143976620799083","0.23880895445225397","0.19859196365957438","0.1622483347127952","0.22022709148588382","-0.1230624730021685","-0.02432370026534244","0.16041939317066586","-0.2997917407271935","-0.145912921781326","-0.06258624789382654","-0.0016396604938271077","0.00439395128090925","-0.18158949406530395","0.13810057284707566","-0.06381925776755357","-0.112321213187909"
"original","glcm","ClusterTendency","0.3773417344230977","0.21909701468751244","0.5004404605879548","0.5985122435239341","0.45344459542701243","0.5492661186618452","0.531747487423011","0.5002873909631596","0.3045808393341609","0.5592951637799187","0.02712031470878952","0.5674779861912499","0.6030772873150075","0.5576755993514558","0.10021465614149067","0.1957175925925926","0.13737422052154194","0.5243943894184877","0.512004570829821","0.3441070087621105","0.35787817961133056"
"original","glcm","Contrast","0.34443623713361876","0.20173902952311573","0.3395092298264253","0.3994027137948058","0.3580180103541983","0.3429774084034952","0.372813414677706","0.41842780909396643","0.1844676973353444","0.40895804236396144","0.028599072741158506","0.3855439929684771","0.29194652735005566","0.4012634089990177","0.12505961062110796","0.3847222222222222","0.39732142857142855","0.3980752655687106","0.4294084207497337","0.5831816059757237","0.23092884068116268"
"original","glcm","Correlation","0.04725349752449766","0.04574465316281314","0.18120024867370405","0.19938858326921252","0.10413956926373699","0.22998409274597947","0.17472751468543424","0.09262789577601466","0.267421785908039","0.1560282671722376","0.369935811653641","0.190693336211971","0.34791587818841724","0.16371474190780969","0.11220136203815052","0.01865079365079392","-0.053632478632478296","0.13723975986163078","0.08750477974286565","-0.25518303334092785","0.18831595525143907"
"original","glcm","DifferenceAverage","0.34443623713361876","0.20173902952311573","0.3395092298264253","0.3994027137948058","0.3580180103541983","0.3429774084034952","0.372813414677706","0.41842780909396643","0.1844676973353444","0.40895804236396144","0.028599072741158506","0.3855439929684771","0.29162399872564027","0.4012634089990177","0.12505961062110796","0.3847222222222222","0.39732142857142855","0.3980752655687106","0.4294084207497337","0.5831816059757237","0.23092884068116268"
"original","glcm","DifferenceEntropy","0.8710442220989664","0.7177921510517725","0.9165335203516205","0.9642850868401378","0.9132445466307827","0.9026209578800467","0.9414684384162073","0.9592921595011199","0.6360495792195985","0.957133312314853","0.16398906527179646","0.9518302495369493","0.8677837622110833","0.9618265724041826","0.4748598868264375","0.5937237824682448","0.5741770603287822","0.9593415409648387","0.970822382467393","0.8354404820786645","0.6708672547444764"
"original","glcm","DifferenceVariance","0.20781531660997904","0.15934061306728273","0.22185040148488813","0.23780952641029482","0.22137345877756237","0.21752760277762145","0.2301784622832632","0.2361653850987677","0.14245136989932816","0.23550893830609107","0.027120314708789523","0.23363077753122694","0.20571307183023027","0.2370350535481955","0.10021465614149067","0.14238425925925927","0.13737422052154194","0.23615574287505747","0.2400932201336649","0.20336969553616652","0.1560930149452794"
"original","glcm","Id","0.8277818814331906","0.8991304852384422","0.8302453850867875","0.8002986431025971","0.8209909948229008","0.8285112957982523","0.8135932926611471","0.7907860954530167","0.9077661513323279","0.7955209788180194","0.9857004636294207","0.8072280035157614","0.8542417554079157","0.799368295500491","0.937470194689446","0.8076388888888889","0.8013392857142856","0.8009623672156448","0.7852957896251331","0.7084091970121381","0.8845355796594188"
"original","glcm","Idm","0.8277818814331906","0.8991304852384422","0.8302453850867875","0.8002986431025971","0.8209909948229008","0.8285112957982523","0.8135932926611471","0.7907860954530167","0.9077661513323279","0.7955209788180194","0.9857004636294207","0.8072280035157614","0.8542202534996213","0.799368295500491","0.937470194689446","0.8076388888888889","0.8013392857142856","0.8009623672156448","0.7852957896251331","0.7084091970121381","0.8845355796594188"
"original","glcm","Idmn","0.9311127525732762","0.9596521940953769","0.9660490770173575","0.9201194572410387","0.9283963979291602","0.9314045183193009","0.9254373170644588","0.9163144381812066","0.9631064605329311","0.9182083915272077","0.9942801854517682","0.9228912014063044","0.970820233201506","0.9197473182001965","0.9749880778757783","0.9230555555555556","0.9205357142857143","0.920384946886258","0.9141183158500532","0.8833636788048553","0.9538142318637676"
"original","glcm","Idn","0.8851879209554604","0.932753656825628","0.9151226925433935","0.8668657620683983","0.8806606632152673","0.8856741971988349","0.8757288617740979","0.8605240636353446","0.9385107675548852","0.8636806525453462","0.9904669757529472","0.8714853356771743","0.9271101267498107","0.8662455303336608","0.9583134631262973","0.8717592592592593","0.8675595238095236","0.8673082448104297","0.8568638597500888","0.8056061313414254","0.9230237197729458"
"original","glcm","Imc1","-0.10165780188804584","-0.028825939082947394","-0.04467871646533409","-0.035387923217341286","-0.061467515625762234","-0.07101478042695906","-0.036344184561787195","-0.02581207017459915","-0.06525712831558134","-0.03689198374005014","-0.003149952776179278","-0.038179401655106034","-0.09791488953539787","-0.029799813976538976","-0.02136085050937304","-0.20397618363736672","-0.192871578259285","-0.026107247309579768","-0.02192979970363899","-0.2062564864741787","-0.13669596548174254"
"original","glcm","Imc2","0.3412076265684627","0.1317275581579032","0.23513431834948056","0.2350182415664398","0.2388136459326753","0.3035534064360029","0.2095041445450708","0.1842002980499616","0.252187048408966","0.20291688397906044","0.02459903325757367","0.22261813081505125","0.39770947336390167","0.19165232444871474","0.11104344050522852","0.39731986809035685","0.37083053695710383","0.18506159810219172","0.1366543010633925","0.4094551123504326","0.3042382054192592"
"original","glcm","InverseVariance","0.34443623713361876","0.20173902952311573","0.3395092298264253","0.3994027137948058","0.3580180103541983","0.3429774084034952","0.372813414677706","0.41842780909396643","0.1844676973353444","0.40895804236396144","0.028599072741158506","0.3855439929684771","0.29134178617927675","0.4012634089990177","0.12505961062110796","0.3847222222222222","0.39732142857142855","0.3980752655687106","0.4294084207497337","0.5831816059757237","0.23092884068116268"
"original","glcm","JointAverage","1.7574841968487371","1.880328830029551","1.7041871838798903","1.503625304538029","1.7130669089814554","1.3403023503227587","1.352788880993039","1.364500276584714","1.158042672197084","1.5838740575311359","1.9857004636294209","1.3924159727747292","1.6713362195499708","1.6007987083344437","1.937470194689446","1.6909722222222223","1.8013392857142856","1.6390388144450614","1.3828245046409942","1.5345926704014938","1.6952080942793017"
"original","glcm","JointEnergy","0.43129569761166275","0.6302413648274032","0.3610305082946136","0.2632329949303352","0.37289523833183214","0.33635063368970847","0.3175410866663783","0.3044770148726693","0.6130243617659192","0.28036445862196896","0.9450199915662364","0.28985823288890955","0.3504930642052304","0.2834954422765677","0.78714821047721","0.5673958333333332","0.5952779549319728","0.30260942963134335","0.2892002840765578","0.3329859970949164","0.549503474908474"
"original","glcm","JointEntropy","1.4897439538591313","1.0395966807595134","1.7341286568755285","1.9616264379572734","1.6623528549770716","1.7754142550480911","1.8254143067608504","1.8564009968784383","1.068753249778735","1.917968194128155","0.19258813801295474","1.8947452471539228","1.770915328845343","1.9115386065078288","0.5999194974475451","1.0451126713571333","0.9714984889002105","1.8620316223979192","1.8933398152582823","1.6909996936529808","1.170857230917975"
"original","glcm","MCC","0.28356723040573595","0.11319527981910846","0.20035336427839773","0.19938858326921255","0.20987411556753235","0.2663498634238506","0.18055075127790143","0.15704023781993545","0.21367528730859897","0.17432056958618533","0.01467957296174324","0.19069333621197118","0.34976967441368","0.1637147419078092","0.06961681978003127","0.3313492063492061","0.3036324786324784","0.15789810648138267","0.11692268374219882","0.3625514543935596","0.25789616596068166"
"original","glcm","MaximumProbability","0.5852660782819277","0.7794593152679931","0.5311872289942385","0.3198373177767824","0.5340579038043565","0.48820894547549365","0.4608044116681078","0.4262858188683026","0.7497234791352438","0.3793950363491553","0.9714009272588415","0.41481203074103234","0.5225096108146193","0.40016700383493503","0.874940389378892","0.623611111111111","0.644345238095238","0.44000118166070606","0.4024712849841391","0.40647408963585435","0.6630770072720537"
"original","glcm","SumAverage","3.5149683936974743","3.760657660059102","3.4083743677597806","3.007250609076058","3.426133817962911","2.6806047006455174","2.705577761986078","2.729000553169428","2.316085344394168","3.1677481150622717","3.9714009272588418","2.7848319455494583","3.3426724390999416","3.2015974166688874","3.874940389378892","3.3819444444444446","3.602678571428571","3.2780776288901228","2.7656490092819883","3.0691853408029877","3.3904161885586035"
"original","glcm","SumEntropy","1.1453077167255126","0.8378576512363978","1.3946194270491037","1.562223724162468","1.304334844622874","1.4324368466445963","1.4526008920831446","1.4379731877844721","0.8842855524433911","1.5090101517641943","0.16398906527179646","1.5092012541854456","1.477940518203837","1.5102751975088113","0.4748598868264375","0.6603904491349114","0.5741770603287822","1.463956356829209","1.4639313945085488","1.1078180876772574","0.9399283902368124"
"original","glcm","SumSquares","0.18044449288917916","0.10520901105265704","0.209987422603595","0.249478739329685","0.20286565144530272","0.22306088176633507","0.2261402255251793","0.2296788000142815","0.12226213416737633","0.24206330153597005","0.013929846862487006","0.23825549478993174","0.2237559536662658","0.23973475208761835","0.05631856669064965","0.14510995370370372","0.13367391227324263","0.23061741374679953","0.23535324789488868","0.23182215368445855","0.1472017550731233"
"original","gldm","DependenceEntropy","3.993193162523114","4.067251701621212","4.7170155771434095","4.921404349935844","4.243420684575561","4.512336511401696","3.8727085147271496","4.2067790673616035","3.387046753088495","4.275140140169484","3.400209487553155","5.101655401749772","5.360123123114821","4.926626598925976","3.2801062683661404","2.624999999999998","2.6659573209491727","4.968588850892695","4.672835976990529","3.2201755214643413","3.226678844192418"
"original","gldm","DependenceNonUniformity","5.268656716417911","20.161971830985916","30.10648148148148","52.0140056022409","20.28372093023256","18.646551724137932","36.30249110320285","6.876923076923077","7.041666666666667","54.01593625498008","19.912087912087912","36.00469483568075","31.174556213017752","32.83122362869198","5.0","4.875","3.4","15.856060606060606","12.023809523809524","5.166666666666667","8.0"
"original","gldm","DependenceNonUniformityNormalized","0.07863666740922254","0.07099285855980957","0.0696909293552812","0.07284874734207408","0.09434288804759329","0.0803730677764566","0.1291903597978749","0.10579881656804734","0.1467013888888889","0.10760146664338661","0.10940707644004348","0.05634537532970384","0.04611620741570673","0.06926418487065819","0.11363636363636363","0.3046875","0.17","0.06006083562901745","0.0715702947845805","0.2152777777777778","0.16666666666666666"
"original","gldm","DependenceVariance","15.798173312541769","19.36470938305892","16.019011488340194","15.136972436033236","9.30608977825852","13.68370986920333","4.553716391636377","8.971360946745563","4.873263888888888","7.914001365057698","6.913657770800628","23.891399168791224","37.08196491719478","17.259627196496286","7.6301652892561975","0.9375","3.7600000000000002","22.286960514233243","17.26062925170068","2.1666666666666665","3.25"
"original","gldm","GrayLevelNonUniformity","38.940298507462686","216.7112676056338","252.08796296296296","357.00280112044817","120.5813953488372","127.17241379310344","153.96797153024912","35.276923076923076","33.375","253.90438247011951","176.0989010989011","329.49139280125195","382.8609467455621","250.70886075949366","38.40909090909091","9.125","14.9","143.52272727272728","86.67857142857143","12.083333333333334","31.041666666666668"
"original","gldm","GrayLevelVariance","0.20940075740699488","0.11846607815909543","0.21025698731138548","0.2499980384310587","0.21957815035154138","0.2259215219976219","0.22603563784653186","0.22863905325443787","0.15234375","0.24710718877478133","0.016211810167854123","0.24218200876271367","0.21821714925947971","0.2355391764140362","0.06353305785123967","0.21484375","0.1275","0.228176652892562","0.24202806122448978","0.2482638888888889","0.17664930555555558"
"original","gldm","HighGrayLevelEmphasis","3.1044776119402986","3.5880281690140845","3.136574074074074","2.504201680672269","3.0232558139534884","2.0344827586206895","2.0355871886120998","2.0615384615384613","1.5625","2.6613545816733066","3.9505494505494507","2.2347417840375585","3.062130177514793","2.8607594936708862","3.7954545454545454","3.0625","3.55","2.9431818181818183","2.232142857142857","2.625","3.3125"
"original","gldm","LargeDependenceEmphasis","82.94029850746269","135.45774647887325","113.7175925925926","99.03641456582633","48.674418604651166","88.0","30.487544483985765","63.276923076923076","30.291666666666668","42.49402390438247","44.64835164835165","171.25352112676057","262.9704142011834","157.63713080168776","46.40909090909091","11.5","18.2","155.2348484848485","80.69047619047619","18.166666666666668","23.5"
"original","gldm","LargeDependenceHighGrayLevelEmphasis","318.7761194029851","537.6584507042254","396.36805555555554","254.75070028011206","171.70232558139534","147.81896551724137","51.594306049822066","108.73846153846154","38.854166666666664","133.86852589641435","178.54395604395606","311.76525821596243","859.9733727810651","488.73839662447256","185.4318181818182","36.4375","72.35","516.9507575757576","137.38690476190476","50.541666666666664","87.3125"
"original","gldm","LargeDependenceLowGrayLevelEmphasis","23.98134328358209","34.90757042253521","43.05754886831275","60.1078431372549","17.917441860465118","73.04525862068965","25.21085409252669","51.91153846153846","28.151041666666668","19.650398406374503","11.17445054945055","136.1255868544601","113.72131821170282","74.86181434599156","11.653409090909092","5.265625","4.6625","64.80587121212122","66.51636904761905","10.072916666666666","7.546875"
"original","gldm","LowGrayLevelEmphasis","0.47388059701492535","0.3529929577464789","0.46842849794238683","0.6239495798319328","0.4941860465116279","0.7413793103448276","0.7411032028469751","0.7346153846153847","0.859375","0.5846613545816733","0.2623626373626374","0.6913145539906104","0.48611111111111105","0.5348101265822784","0.30113636363636365","0.484375","0.3625","0.5142045454545454","0.6919642857142857","0.59375","0.421875"
"original","gldm","SmallDependenceEmphasis","0.05767915559340552","0.038957038463034284","0.03318863952846826","0.03188063933907027","0.07775256607061139","0.029436931329801477","0.09348307479048032","0.038308698338191276","0.1482209355578651","0.07939490506161655","0.073792689071562","0.018720432527825927","0.017184343302177454","0.0159609265277216","0.1083881721619694","0.16135416666666666","0.23245096371882087","0.023953870997646037","0.06976156210431032","0.12167209939531366","0.11454320790816326"
"original","gldm","SmallDependenceHighGrayLevelEmphasis","0.0863699881975636","0.06427592380518878","0.08772913260635441","0.08505149891023692","0.15904876689279207","0.07365328362735463","0.2581318480008321","0.1019888879177315","0.3541757966689762","0.2005347093759648","0.2457202068356985","0.054706763644871904","0.042833072895523495","0.03571019424286922","0.229007234102423","0.3928125","0.47980385487528343","0.04605166876598805","0.17348419774429574","0.25141061980347695","0.26155824829931973"
"original","gldm","SmallDependenceLowGrayLevelEmphasis","0.050506447442365994","0.032627317127495656","0.022125532719902075","0.0185879244462786","0.05742851586506624","0.018382843255413183","0.05232088148789238","0.022388650943306224","0.09673222028008734","0.049109953983029475","0.030810809630527857","0.009723849748564436","0.012415816393650284","0.011023609598934692","0.07823340667685598","0.10348958333333334","0.17061274092970521","0.018429421555560536","0.043830903194313986","0.08923746929327286","0.07778944781037415"
"original","glrlm","GrayLevelNonUniformity","26.070875227782913","120.3607603332914","157.33194762157876","245.19014214024543","92.850462560904","86.9702764238763","127.65646160618186","26.033459233198244","23.907994412681912","204.9563916604088","140.12595309685256","183.35348558596996","164.0279700687767","142.27708526268648","28.092635916165452","8.352817695125387","12.705061012259153","81.26196105974905","62.18335927205745","10.302225672877848","25.81954355269026"
"original","glrlm","GrayLevelNonUniformityNormalized","0.5339956618148448","0.6671930813283822","0.5533511590380198","0.5004588157986898","0.5412764567116185","0.5288032146489238","0.5386775510430486","0.5301449442355373","0.6660970924881358","0.5023900398563368","0.9589180926143708","0.5019176691064365","0.5265708701980434","0.5146402799970728","0.8345578365422665","0.5721966210623226","0.7150902030001599","0.5169802796059323","0.505401549176175","0.5047753028432544","0.6267266890868534"
"original","glrlm","GrayLevelVariance","0.2330021690925776","0.16640345933580894","0.2269515074284662","0.2497705921006551","0.22936177164419075","0.23559839267553812","0.2306612244784757","0.23492752788223134","0.16695145375593215","0.24880498007183163","0.020540953692814497","0.24904116544678173","0.24041300855520725","0.24267986000146358","0.08272108172886682","0.21390168946883867","0.14245489849992002","0.24150986019703383","0.2472992254119125","0.24761234857837278","0.18663665545657326"
"original","glrlm","HighGrayLevelRunEmphasis","2.854328063404433","3.358272315838305","3.0297281997602363","2.496488654398784","2.9294990155252565","2.1478192343315556","2.0844992591074525","2.1355845746463213","1.6385118892931394","2.590802776234636","3.9370234515737375","2.432763946164393","2.8845270726558216","2.7529755353017675","3.7264093146445485","3.054374471682164","3.4808028272037554","2.7747534876543245","2.351924505768668","2.5966304347826084","3.246580427289284"
"original","glrlm","LongRunEmphasis","2.6258167457841544","4.092071019719616","3.435827778601512","2.9275466446123417","2.230763416343988","2.894446605650459","1.7255535427940303","2.2037237941549623","2.372423264610765","1.9667079511119299","2.0269874313655807","4.729094250885709","7.221410350910431","4.243558380382722","2.254987111353635","1.3147928994082838","1.5886038625976708","4.071199422064779","2.5374235194311443","1.8118012422360252","1.6782403008045093"
"original","glrlm","LongRunHighGrayLevelEmphasis","8.906113599724165","15.477376947607446","11.289182949587786","7.41687713191302","7.007051544168779","5.443118236005644","3.356867011103349","4.355056399055026","3.4625577500577505","5.477019664644784","8.044973177036061","9.401333810060935","23.284520018273433","12.72134355845683","8.746357760059087","4.0531065088757385","5.835218277594438","12.79757390580454","5.149824762721361","4.902717391304348","5.73293393786829"
"original","glrlm","LongRunLowGrayLevelEmphasis","1.0557425322991523","1.2457445377476581","1.4765720357621066","1.8052140227871727","1.0366913843877907","2.257278698061663","1.3177251757167003","1.6658906429299463","2.099889643249018","1.0891300227287166","0.5224909949479607","3.561034361091901","3.209255878652143","2.1241120858641955","0.6321444491772717","0.6302144970414202","0.5269502588484787","1.8896058011298373","1.88432320860859","1.039072204968944","0.6645668915385643"
"original","glrlm","LowGrayLevelRunEmphasis","0.5364179841488917","0.4104319210404238","0.4966509999671047","0.625877836400304","0.5176252461186858","0.713045191417111","0.7288751852231369","0.7161038563384197","0.8403720276767151","0.6022993059413411","0.2657441371065655","0.6418090134589017","0.5324911764185054","0.5617561161745581","0.318397671338863","0.486406382079459","0.37979929319906097","0.5563116280864189","0.6620188735578328","0.6008423913043479","0.43835489317767884"
"original","glrlm","RunEntropy","1.8719807528551848","2.0340459286609707","2.2612731603355702","2.2898490650574415","1.7888714643209198","2.0992210433554996","1.65529675634393","1.9215016926236512","1.714116335600174","1.8173731195900042","1.0018854533543329","2.652889897188627","3.058928519474637","2.6168637343632066","1.3755062544877563","1.2002756613945766","1.0896023720528796","2.520518095257484","2.077032030067549","1.5708959514161775","1.3764511922799596"
"original","glrlm","RunLengthNonUniformity","28.368493496722312","88.22570719015468","144.00034873520778","261.2830589357971","121.90340270095537","94.5981461446948","177.4977697904974","29.718112787290504","21.77259723665974","292.59956904975434","101.54902079506168","149.03266953802049","92.99384902728222","112.72346522456685","21.849001722626124","12.438377007607775","14.715878119128893","67.14236204030252","73.23679421659351","15.755486542443066","31.858339482588708"
"original","glrlm","RunLengthNonUniformityNormalized","0.5568317997088637","0.4530939552320775","0.47780751684971506","0.5228034671912826","0.6847435138110411","0.5424886088893206","0.7407793243943602","0.5915137949163392","0.5858757860431822","0.6975553238352775","0.6753389630565015","0.3987826965877636","0.2942521294860061","0.3991272438581035","0.6303308928376471","0.842451064479805","0.8162206520973756","0.416172093047648","0.5818207467067598","0.7466074697049583","0.7623392383800471"
"original","glrlm","RunPercentage","0.7233065442020667","0.6240520043336945","0.6582977207977208","0.6861667744020685","0.7971377459749553","0.7068965517241378","0.8425951272926362","0.7550295857988165","0.7473958333333333","0.8122893043211767","0.8021978021978023","0.5715661490309377","0.46040054619936277","0.5827653359298929","0.7623966942148761","0.9134615384615384","0.8833333333333333","0.594988344988345","0.7321428571428571","0.85","0.8541666666666666"
"original","glrlm","RunVariance","0.4869018079618985","0.952290061954606","0.7969449178355625","0.7110798221266391","0.48046076412564326","0.5952056679778183","0.2762918902728321","0.3544625526630227","0.43972167008484575","0.3530555527530322","0.36626373843428683","1.4507513586562373","2.288170902034002","1.1186784128470892","0.43174547554265386","0.0940805902090771","0.22812271746457546","1.0545730587301758","0.5636056087306597","0.256807376258632","0.2509677124647081"
"original","glrlm","ShortRunEmphasis","0.7509264141934396","0.6531671514356301","0.6927598464640045","0.7432209582090157","0.8415325863450461","0.7344317616222219","0.8812915700977714","0.7832072935649932","0.7795427711866514","0.8515010288164683","0.8381177111890897","0.6419171295788065","0.535619192642669","0.6321709782642296","0.8094191382885565","0.927406781252935","0.9097993294258774","0.6491258621531182","0.782440806052529","0.8723830227743271","0.8887574646358236"
"original","glrlm","ShortRunHighGrayLevelEmphasis","1.951321100760971","2.009941997391226","2.0325276356438557","1.857335856529828","2.3970649778327453","1.6563112774698525","1.8675825869923215","1.7282317217088652","1.3341954858003036","2.1617817719707824","3.2894942963300973","1.6748354620754715","1.4359277755429156","1.6750546318277626","2.9640858677987736","2.8291114868037943","3.1200001449072654","1.704325460030063","1.9098561687713322","2.2492198067632847","2.836125188379707"
"original","glrlm","ShortRunLowGrayLevelEmphasis","0.4508277425515569","0.31397343994673105","0.36190094907620546","0.4646922336288125","0.45264948847312136","0.5039618826603143","0.6347188158741337","0.5469511865290254","0.6408795925332383","0.5239308430278897","0.22527356490383793","0.3836875464546402","0.3141649915000685","0.3714500648733464","0.2707524559110021","0.45198060486522024","0.35724912555553034","0.38532596268388164","0.5005869653728281","0.5281738267770877","0.40191553369985294"
"original","glszm","GrayLevelNonUniformity","3.4","11.153846153846153","6.6","5.909090909090909","10.882352941176471","3.3333333333333335","14.130434782608695","1.6666666666666667","4.0","15.066666666666666","6.636363636363637","2.6","5.666666666666667","2.5","2.5","2.0","3.0","2.5","4.555555555555555","2.0","3.4"
"original","glszm","GrayLevelNonUniformityNormalized","0.68","0.8579881656804734","0.66","0.5371900826446281","0.6401384083044983","0.5555555555555556","0.6143667296786389","0.5555555555555556","0.5","0.5022222222222222","0.6033057851239669","0.52","0.6296296296296297","0.625","0.625","0.5","0.5","0.625","0.5061728395061729","0.5","0.68"
"original","glszm","GrayLevelVariance","0.16","0.07100591715976332","0.41000000000000003","0.23140495867768596","0.17993079584775087","0.2222222222222222","0.1928166351606805","0.2222222222222222","0.25","0.24888888888888888","0.1983471074380165","0.24","0.4444444444444444","0.1875","0.1875","0.25","0.25","0.1875","0.24691358024691357","0.25","0.16"
"original","glszm","HighGrayLevelZoneEmphasis","1.6","1.2307692307692308","2.1","2.909090909090909","1.7058823529411764","3.0","3.217391304347826","3.0","2.5","2.6","3.1818181818181817","2.8","2.2222222222222223","1.75","1.75","2.5","2.5","1.75","2.6666666666666665","2.5","1.6"
"original","glszm","LargeAreaEmphasis","483.8","4636.7692307692305","10627.4","21715.636363636364","1122.5294117647059","4264.333333333333","1259.3478260869565","736.3333333333334","150.75","2519.0666666666666","1967.8181818181818","41600.6","27996.88888888889","29442.5","421.0","19.5","26.666666666666668","9381.0","1440.0","52.5","283.2"
"original","glszm","LargeAreaHighGrayLevelEmphasis","1809.2","18488.69230769231","38535.7","53636.72727272727","4253.64705882353","6097.333333333333","1473.6521739130435","1181.3333333333333","165.375","8340.266666666666","7870.454545454545","82474.4","99145.77777777778","94269.5","1681.75","65.25","105.16666666666667","31311.75","2687.0","134.25","1104.6"
"original","glszm","LargeAreaLowGrayLevelEmphasis","152.45","1173.7884615384614","3650.436111111111","13735.363636363636","339.75","3806.0833333333335","1205.7717391304348","625.0833333333334","147.09375","1063.7666666666667","492.15909090909093","31382.15","10209.79012345679","13235.75","105.8125","8.0625","7.041666666666667","3898.3125","1128.25","32.0625","77.85"
"original","glszm","LowGrayLevelZoneEmphasis","0.85","0.9423076923076923","0.836111111111111","0.5227272727272727","0.8235294117647058","0.5","0.44565217391304346","0.5","0.625","0.6","0.45454545454545453","0.55","0.8179012345679012","0.8125","0.8125","0.625","0.625","0.8125","0.5833333333333334","0.625","0.85"
"original","glszm","SizeZoneNonUniformity","1.0","2.6923076923076925","4.2","2.8181818181818183","2.764705882352941","1.0","4.043478260869565","1.0","3.5","6.8","3.3636363636363638","1.4","2.5555555555555554","1.0","2.5","1.0","2.0","1.5","3.4444444444444446","1.5","1.4"
"original","glszm","SizeZoneNonUniformityNormalized","0.2","0.20710059171597633","0.42","0.256198347107438","0.16262975778546712","0.16666666666666666","0.17580340264650285","0.3333333333333333","0.4375","0.22666666666666666","0.30578512396694213","0.28","0.2839506172839506","0.25","0.625","0.25","0.3333333333333333","0.375","0.38271604938271603","0.375","0.28"
"original","glszm","SmallAreaEmphasis","0.27333316909078403","0.3890889262854346","0.6222308586387394","0.4924320791694122","0.35881097280000535","0.07123570627432683","0.4015835185332364","0.08427815570672713","0.6424692425990003","0.46895478192581","0.5239007743022424","0.4500043657900591","0.5011145239877901","0.3125108721403853","0.7501487209994051","0.28256944444444443","0.5613425925925927","0.5000387392298344","0.5802888304586332","0.2827777777777778","0.42792386981576175"
"original","glszm","SmallAreaHighGrayLevelEmphasis","0.2736047852066736","0.3890927708373842","1.4222340835782714","1.4133624411922254","0.4170562432073373","0.25366999821637237","1.5164289208211723","0.33654572940287225","1.777885909265667","1.2545676147703624","1.277421279027151","1.650013173646667","1.3900049745665524","0.31251954908054913","0.7505948839976204","0.33340277777777777","0.7453703703703703","0.50006438814745","1.3211191528530515","0.3736111111111111","0.42836214592971344"
"original","glszm","SmallAreaLowGrayLevelEmphasis","0.27326526506181165","0.3890879651474473","0.5333411635149673","0.2621994886637088","0.34424965519817236","0.025627133288815458","0.1228721679612526","0.02121126228269085","0.35861507593233377","0.272551573714672","0.3355206481210151","0.1500021638259071","0.4023487014665564","0.3125087029053443","0.7500371802498513","0.2698611111111111","0.5153356481481481","0.5000323270004304","0.3950812498600287","0.2600694444444444","0.4278143007872737"
"original","glszm","ZoneEntropy","2.321928094887361","2.4116022179746692","1.9609640474436794","2.8453509366224337","3.0516016368717","2.5849625007211543","3.3061706517091825","1.5849625007211552","2.1556390622295645","3.376352363578726","2.4130884364257557","1.9219280948873614","2.419381945646369","1.9999999999999987","0.8112781244591322","1.9999999999999987","1.7924812503605767","1.4999999999999991","2.197159723424148","1.9999999999999987","1.9219280948873614"
"original","glszm","ZonePercentage","0.07462686567164178","0.045774647887323945","0.023148148148148147","0.015406162464985995","0.07906976744186046","0.02586206896551724","0.08185053380782918","0.046153846153846156","0.16666666666666666","0.05976095617529881","0.06043956043956044","0.00782472613458529","0.013313609467455622","0.008438818565400843","0.09090909090909091","0.25","0.3","0.015151515151515152","0.05357142857142857","0.16666666666666666","0.10416666666666667"
"original","glszm","ZoneVariance","304.24000000000007","4159.514792899408","8761.160000000002","17502.44628099174","962.5813148788928","2769.222222222222","1110.0831758034028","266.88888888888886","114.75","2239.062222222222","1694.0661157024792","25267.760000000002","22355.20987654321","15400.25","300.0","3.5","15.555555555555557","5025.0","1091.5555555555557","16.5","191.04000000000002"
"original","ngtdm","Busyness","4.731012406931524","8.535073042198968","12.164647644954321","139.54560037410147","17.48811551453597","518.3966325427227","682.902123987124","109.90611873828789","6.10374149659864","69.84258892660927","0.7680136373798345","253.32632549943838","17.741859215282105","53.03112618682156","0.7564622262407071","1.0703781512605042","0.8946236559139785","27.567210803844826","78.93320184309945","4.879880952380953","1.7968316956412194"
"original","ngtdm","Coarseness","0.09568833555359878","0.036889652176938646","0.0146263354809732","0.007106398653975135","0.027941053067165142","0.027970860707327183","0.020573958560809676","0.07392673031560254","0.1872387851769295","0.010824686026171997","0.333767547466397","0.008408127326682922","0.010342557538997304","0.01095361148648448","0.3681360456584317","0.43964671246319925","0.3605769230769231","0.01923010948404597","0.02728694774256708","0.16393842550803836","0.21201339105743783"
"original","ngtdm","Complexity","0.31195804688165096","0.19090051289584087","1.2338256413100455","0.3941687744484188","0.33292680698305366","0.3082025163749844","0.3459440098211137","0.41621252066570563","0.2225322420634921","0.3680535153987123","0.03292414458034552","0.3722458440777305","1.1476662935443755","0.3852071335473873","0.12347214023350385","0.2843191964285714","0.2773333333333333","0.3939529092147246","0.43628045236407004","0.5083209325396826","0.19652846671075838"
"original","ngtdm","Contrast","0.06914299918998165","0.023961391482103283","0.022014637721154615","0.09854033715222926","0.0736481045014885","0.07007442439806474","0.07810039163276702","0.09439721132259622","0.03260730561755953","0.09125398124617567","0.0005341018045444701","0.09089423726601945","0.02101508534594981","0.09046418118017027","0.008224115975278164","0.060328892299107144","0.03655","0.08971364812896544","0.10573412775080483","0.1264922575415197","0.03716411646641681"
"original","ngtdm","Strength","0.09040349639224843","0.0348171831620497","0.04247657518498493","0.007106476775821583","0.027734419764860817","0.02779329754465301","0.020599059003248144","0.07452601293911568","0.19466975666280414","0.010788469483600294","0.33355393778954334","0.008339397305225697","0.030206348097718348","0.010985963443604854","0.3511461018602383","0.4451510333863275","0.3488372093023256","0.019268094017054295","0.02725029755708895","0.1635567093947753","0.19805092738132662"
