"Image type","Feature Class","Feature Name","rh.hippoAmygLabels-T1.v21.FS60.FSvoxelSpace_4_label_203","rh.hippoAmygLabels-T1.v21.FS60.FSvoxelSpace_4_label_204","rh.hippoAmygLabels-T1.v21.FS60.FSvoxelSpace_4_label_205","rh.hippoAmygLabels-T1.v21.FS60.FSvoxelSpace_4_label_206","rh.hippoAmygLabels-T1.v21.FS60.FSvoxelSpace_4_label_208","rh.hippoAmygLabels-T1.v21.FS60.FSvoxelSpace_4_label_209","rh.hippoAmygLabels-T1.v21.FS60.FSvoxelSpace_4_label_210","rh.hippoAmygLabels-T1.v21.FS60.FSvoxelSpace_4_label_211","rh.hippoAmygLabels-T1.v21.FS60.FSvoxelSpace_4_label_212","rh.hippoAmygLabels-T1.v21.FS60.FSvoxelSpace_4_label_214","rh.hippoAmygLabels-T1.v21.FS60.FSvoxelSpace_4_label_215","rh.hippoAmygLabels-T1.v21.FS60.FSvoxelSpace_4_label_226","rh.hippoAmygLabels-T1.v21.FS60.FSvoxelSpace_4_label_7001","rh.hippoAmygLabels-T1.v21.FS60.FSvoxelSpace_4_label_7003","rh.hippoAmygLabels-T1.v21.FS60.FSvoxelSpace_4_label_7005","rh.hippoAmygLabels-T1.v21.FS60.FSvoxelSpace_4_label_7006","rh.hippoAmygLabels-T1.v21.FS60.FSvoxelSpace_4_label_7007","rh.hippoAmygLabels-T1.v21.FS60.FSvoxelSpace_4_label_7008","rh.hippoAmygLabels-T1.v21.FS60.FSvoxelSpace_4_label_7009","rh.hippoAmygLabels-T1.v21.FS60.FSvoxelSpace_4_label_7010","rh.hippoAmygLabels-T1.v21.FS60.FSvoxelSpace_4_label_7015"
"diagnostics","Versions","PyRadiomics","v3.0.1.post4+gad5b2de","v3.0.1.post4+gad5b2de","v3.0.1.post4+gad5b2de","v3.0.1.post4+gad5b2de","v3.0.1.post4+gad5b2de","v3.0.1.post4+gad5b2de","v3.0.1.post4+gad5b2de","v3.0.1.post4+gad5b2de","v3.0.1.post4+gad5b2de","v3.0.1.post4+gad5b2de","v3.0.1.post4+gad5b2de","v3.0.1.post4+gad5b2de","v3.0.1.post4+gad5b2de","v3.0.1.post4+gad5b2de","v3.0.1.post4+gad5b2de","v3.0.1.post4+gad5b2de","v3.0.1.post4+gad5b2de","v3.0.1.post4+gad5b2de","v3.0.1.post4+gad5b2de","v3.0.1.post4+gad5b2de","v3.0.1.post4+gad5b2de"
"diagnostics","Versions","Numpy","1.19.2","1.19.2","1.19.2","1.19.2","1.19.2","1.19.2","1.19.2","1.19.2","1.19.2","1.19.2","1.19.2","1.19.2","1.19.2","1.19.2","1.19.2","1.19.2","1.19.2","1.19.2","1.19.2","1.19.2","1.19.2"
"diagnostics","Versions","SimpleITK","2.0.2","2.0.2","2.0.2","2.0.2","2.0.2","2.0.2","2.0.2","2.0.2","2.0.2","2.0.2","2.0.2","2.0.2","2.0.2","2.0.2","2.0.2","2.0.2","2.0.2","2.0.2","2.0.2","2.0.2","2.0.2"
"diagnostics","Versions","PyWavelet","1.1.1","1.1.1","1.1.1","1.1.1","1.1.1","1.1.1","1.1.1","1.1.1","1.1.1","1.1.1","1.1.1","1.1.1","1.1.1","1.1.1","1.1.1","1.1.1","1.1.1","1.1.1","1.1.1","1.1.1","1.1.1"
"diagnostics","Versions","Python","3.6.7","3.6.7","3.6.7","3.6.7","3.6.7","3.6.7","3.6.7","3.6.7","3.6.7","3.6.7","3.6.7","3.6.7","3.6.7","3.6.7","3.6.7","3.6.7","3.6.7","3.6.7","3.6.7","3.6.7","3.6.7"
"diagnostics","Configuration","Settings","{'minimumROIDimensions': 2, 'minimumROISize': None, 'normalize': False, 'normalizeScale': 1, 'removeOutliers': None, 'resampledPixelSpacing': [1.0, 1.0, 1.0], 'interpolator': 'sitkBSpline', 'preCrop': False, 'padDistance': 5, 'distances': [1], 'force2D': False, 'force2Ddimension': 0, 'resegmentRange': None, 'label': 203, 'additionalInfo': True, 'binWidth': 25.0, 'symmetricalGLCM': True, 'correctMask': True}","{'minimumROIDimensions': 2, 'minimumROISize': None, 'normalize': False, 'normalizeScale': 1, 'removeOutliers': None, 'resampledPixelSpacing': [1.0, 1.0, 1.0], 'interpolator': 'sitkBSpline', 'preCrop': False, 'padDistance': 5, 'distances': [1], 'force2D': False, 'force2Ddimension': 0, 'resegmentRange': None, 'label': 204, 'additionalInfo': True, 'binWidth': 25.0, 'symmetricalGLCM': True, 'correctMask': True}","{'minimumROIDimensions': 2, 'minimumROISize': None, 'normalize': False, 'normalizeScale': 1, 'removeOutliers': None, 'resampledPixelSpacing': [1.0, 1.0, 1.0], 'interpolator': 'sitkBSpline', 'preCrop': False, 'padDistance': 5, 'distances': [1], 'force2D': False, 'force2Ddimension': 0, 'resegmentRange': None, 'label': 205, 'additionalInfo': True, 'binWidth': 25.0, 'symmetricalGLCM': True, 'correctMask': True}","{'minimumROIDimensions': 2, 'minimumROISize': None, 'normalize': False, 'normalizeScale': 1, 'removeOutliers': None, 'resampledPixelSpacing': [1.0, 1.0, 1.0], 'interpolator': 'sitkBSpline', 'preCrop': False, 'padDistance': 5, 'distances': [1], 'force2D': False, 'force2Ddimension': 0, 'resegmentRange': None, 'label': 206, 'additionalInfo': True, 'binWidth': 25.0, 'symmetricalGLCM': True, 'correctMask': True}","{'minimumROIDimensions': 2, 'minimumROISize': None, 'normalize': False, 'normalizeScale': 1, 'removeOutliers': None, 'resampledPixelSpacing': [1.0, 1.0, 1.0], 'interpolator': 'sitkBSpline', 'preCrop': False, 'padDistance': 5, 'distances': [1], 'force2D': False, 'force2Ddimension': 0, 'resegmentRange': None, 'label': 208, 'additionalInfo': True, 'binWidth': 25.0, 'symmetricalGLCM': True, 'correctMask': True}","{'minimumROIDimensions': 2, 'minimumROISize': None, 'normalize': False, 'normalizeScale': 1, 'removeOutliers': None, 'resampledPixelSpacing': [1.0, 1.0, 1.0], 'interpolator': 'sitkBSpline', 'preCrop': False, 'padDistance': 5, 'distances': [1], 'force2D': False, 'force2Ddimension': 0, 'resegmentRange': None, 'label': 209, 'additionalInfo': True, 'binWidth': 25.0, 'symmetricalGLCM': True, 'correctMask': True}","{'minimumROIDimensions': 2, 'minimumROISize': None, 'normalize': False, 'normalizeScale': 1, 'removeOutliers': None, 'resampledPixelSpacing': [1.0, 1.0, 1.0], 'interpolator': 'sitkBSpline', 'preCrop': False, 'padDistance': 5, 'distances': [1], 'force2D': False, 'force2Ddimension': 0, 'resegmentRange': None, 'label': 210, 'additionalInfo': True, 'binWidth': 25.0, 'symmetricalGLCM': True, 'correctMask': True}","{'minimumROIDimensions': 2, 'minimumROISize': None, 'normalize': False, 'normalizeScale': 1, 'removeOutliers': None, 'resampledPixelSpacing': [1.0, 1.0, 1.0], 'interpolator': 'sitkBSpline', 'preCrop': False, 'padDistance': 5, 'distances': [1], 'force2D': False, 'force2Ddimension': 0, 'resegmentRange': None, 'label': 211, 'additionalInfo': True, 'binWidth': 25.0, 'symmetricalGLCM': True, 'correctMask': True}","{'minimumROIDimensions': 2, 'minimumROISize': None, 'normalize': False, 'normalizeScale': 1, 'removeOutliers': None, 'resampledPixelSpacing': [1.0, 1.0, 1.0], 'interpolator': 'sitkBSpline', 'preCrop': False, 'padDistance': 5, 'distances': [1], 'force2D': False, 'force2Ddimension': 0, 'resegmentRange': None, 'label': 212, 'additionalInfo': True, 'binWidth': 25.0, 'symmetricalGLCM': True, 'correctMask': True}","{'minimumROIDimensions': 2, 'minimumROISize': None, 'normalize': False, 'normalizeScale': 1, 'removeOutliers': None, 'resampledPixelSpacing': [1.0, 1.0, 1.0], 'interpolator': 'sitkBSpline', 'preCrop': False, 'padDistance': 5, 'distances': [1], 'force2D': False, 'force2Ddimension': 0, 'resegmentRange': None, 'label': 214, 'additionalInfo': True, 'binWidth': 25.0, 'symmetricalGLCM': True, 'correctMask': True}","{'minimumROIDimensions': 2, 'minimumROISize': None, 'normalize': False, 'normalizeScale': 1, 'removeOutliers': None, 'resampledPixelSpacing': [1.0, 1.0, 1.0], 'interpolator': 'sitkBSpline', 'preCrop': False, 'padDistance': 5, 'distances': [1], 'force2D': False, 'force2Ddimension': 0, 'resegmentRange': None, 'label': 215, 'additionalInfo': True, 'binWidth': 25.0, 'symmetricalGLCM': True, 'correctMask': True}","{'minimumROIDimensions': 2, 'minimumROISize': None, 'normalize': False, 'normalizeScale': 1, 'removeOutliers': None, 'resampledPixelSpacing': [1.0, 1.0, 1.0], 'interpolator': 'sitkBSpline', 'preCrop': False, 'padDistance': 5, 'distances': [1], 'force2D': False, 'force2Ddimension': 0, 'resegmentRange': None, 'label': 226, 'additionalInfo': True, 'binWidth': 25.0, 'symmetricalGLCM': True, 'correctMask': True}","{'minimumROIDimensions': 2, 'minimumROISize': None, 'normalize': False, 'normalizeScale': 1, 'removeOutliers': None, 'resampledPixelSpacing': [1.0, 1.0, 1.0], 'interpolator': 'sitkBSpline', 'preCrop': False, 'padDistance': 5, 'distances': [1], 'force2D': False, 'force2Ddimension': 0, 'resegmentRange': None, 'label': 7001, 'additionalInfo': True, 'binWidth': 25.0, 'symmetricalGLCM': True, 'correctMask': True}","{'minimumROIDimensions': 2, 'minimumROISize': None, 'normalize': False, 'normalizeScale': 1, 'removeOutliers': None, 'resampledPixelSpacing': [1.0, 1.0, 1.0], 'interpolator': 'sitkBSpline', 'preCrop': False, 'padDistance': 5, 'distances': [1], 'force2D': False, 'force2Ddimension': 0, 'resegmentRange': None, 'label': 7003, 'additionalInfo': True, 'binWidth': 25.0, 'symmetricalGLCM': True, 'correctMask': True}","{'minimumROIDimensions': 2, 'minimumROISize': None, 'normalize': False, 'normalizeScale': 1, 'removeOutliers': None, 'resampledPixelSpacing': [1.0, 1.0, 1.0], 'interpolator': 'sitkBSpline', 'preCrop': False, 'padDistance': 5, 'distances': [1], 'force2D': False, 'force2Ddimension': 0, 'resegmentRange': None, 'label': 7005, 'additionalInfo': True, 'binWidth': 25.0, 'symmetricalGLCM': True, 'correctMask': True}","{'minimumROIDimensions': 2, 'minimumROISize': None, 'normalize': False, 'normalizeScale': 1, 'removeOutliers': None, 'resampledPixelSpacing': [1.0, 1.0, 1.0], 'interpolator': 'sitkBSpline', 'preCrop': False, 'padDistance': 5, 'distances': [1], 'force2D': False, 'force2Ddimension': 0, 'resegmentRange': None, 'label': 7006, 'additionalInfo': True, 'binWidth': 25.0, 'symmetricalGLCM': True, 'correctMask': True}","{'minimumROIDimensions': 2, 'minimumROISize': None, 'normalize': False, 'normalizeScale': 1, 'removeOutliers': None, 'resampledPixelSpacing': [1.0, 1.0, 1.0], 'interpolator': 'sitkBSpline', 'preCrop': False, 'padDistance': 5, 'distances': [1], 'force2D': False, 'force2Ddimension': 0, 'resegmentRange': None, 'label': 7007, 'additionalInfo': True, 'binWidth': 25.0, 'symmetricalGLCM': True, 'correctMask': True}","{'minimumROIDimensions': 2, 'minimumROISize': None, 'normalize': False, 'normalizeScale': 1, 'removeOutliers': None, 'resampledPixelSpacing': [1.0, 1.0, 1.0], 'interpolator': 'sitkBSpline', 'preCrop': False, 'padDistance': 5, 'distances': [1], 'force2D': False, 'force2Ddimension': 0, 'resegmentRange': None, 'label': 7008, 'additionalInfo': True, 'binWidth': 25.0, 'symmetricalGLCM': True, 'correctMask': True}","{'minimumROIDimensions': 2, 'minimumROISize': None, 'normalize': False, 'normalizeScale': 1, 'removeOutliers': None, 'resampledPixelSpacing': [1.0, 1.0, 1.0], 'interpolator': 'sitkBSpline', 'preCrop': False, 'padDistance': 5, 'distances': [1], 'force2D': False, 'force2Ddimension': 0, 'resegmentRange': None, 'label': 7009, 'additionalInfo': True, 'binWidth': 25.0, 'symmetricalGLCM': True, 'correctMask': True}","{'minimumROIDimensions': 2, 'minimumROISize': None, 'normalize': False, 'normalizeScale': 1, 'removeOutliers': None, 'resampledPixelSpacing': [1.0, 1.0, 1.0], 'interpolator': 'sitkBSpline', 'preCrop': False, 'padDistance': 5, 'distances': [1], 'force2D': False, 'force2Ddimension': 0, 'resegmentRange': None, 'label': 7010, 'additionalInfo': True, 'binWidth': 25.0, 'symmetricalGLCM': True, 'correctMask': True}","{'minimumROIDimensions': 2, 'minimumROISize': None, 'normalize': False, 'normalizeScale': 1, 'removeOutliers': None, 'resampledPixelSpacing': [1.0, 1.0, 1.0], 'interpolator': 'sitkBSpline', 'preCrop': False, 'padDistance': 5, 'distances': [1], 'force2D': False, 'force2Ddimension': 0, 'resegmentRange': None, 'label': 7015, 'additionalInfo': True, 'binWidth': 25.0, 'symmetricalGLCM': True, 'correctMask': True}"
"diagnostics","Configuration","EnabledImageTypes","{'Original': {}}","{'Original': {}}","{'Original': {}}","{'Original': {}}","{'Original': {}}","{'Original': {}}","{'Original': {}}","{'Original': {}}","{'Original': {}}","{'Original': {}}","{'Original': {}}","{'Original': {}}","{'Original': {}}","{'Original': {}}","{'Original': {}}","{'Original': {}}","{'Original': {}}","{'Original': {}}","{'Original': {}}","{'Original': {}}","{'Original': {}}"
"diagnostics","Image-original","Hash","1779be688763d4093aa5589dc4b50390017db33f","1779be688763d4093aa5589dc4b50390017db33f","1779be688763d4093aa5589dc4b50390017db33f","1779be688763d4093aa5589dc4b50390017db33f","1779be688763d4093aa5589dc4b50390017db33f","1779be688763d4093aa5589dc4b50390017db33f","1779be688763d4093aa5589dc4b50390017db33f","1779be688763d4093aa5589dc4b50390017db33f","1779be688763d4093aa5589dc4b50390017db33f","1779be688763d4093aa5589dc4b50390017db33f","1779be688763d4093aa5589dc4b50390017db33f","1779be688763d4093aa5589dc4b50390017db33f","1779be688763d4093aa5589dc4b50390017db33f","1779be688763d4093aa5589dc4b50390017db33f","1779be688763d4093aa5589dc4b50390017db33f","1779be688763d4093aa5589dc4b50390017db33f","1779be688763d4093aa5589dc4b50390017db33f","1779be688763d4093aa5589dc4b50390017db33f","1779be688763d4093aa5589dc4b50390017db33f","1779be688763d4093aa5589dc4b50390017db33f","1779be688763d4093aa5589dc4b50390017db33f"
"diagnostics","Image-original","Dimensionality","3D","3D","3D","3D","3D","3D","3D","3D","3D","3D","3D","3D","3D","3D","3D","3D","3D","3D","3D","3D","3D"
"diagnostics","Image-original","Spacing","(0.9999999403953552, 1.0, 0.9999999403953552)","(0.9999999403953552, 1.0, 0.9999999403953552)","(0.9999999403953552, 1.0, 0.9999999403953552)","(0.9999999403953552, 1.0, 0.9999999403953552)","(0.9999999403953552, 1.0, 0.9999999403953552)","(0.9999999403953552, 1.0, 0.9999999403953552)","(0.9999999403953552, 1.0, 0.9999999403953552)","(0.9999999403953552, 1.0, 0.9999999403953552)","(0.9999999403953552, 1.0, 0.9999999403953552)","(0.9999999403953552, 1.0, 0.9999999403953552)","(0.9999999403953552, 1.0, 0.9999999403953552)","(0.9999999403953552, 1.0, 0.9999999403953552)","(0.9999999403953552, 1.0, 0.9999999403953552)","(0.9999999403953552, 1.0, 0.9999999403953552)","(0.9999999403953552, 1.0, 0.9999999403953552)","(0.9999999403953552, 1.0, 0.9999999403953552)","(0.9999999403953552, 1.0, 0.9999999403953552)","(0.9999999403953552, 1.0, 0.9999999403953552)","(0.9999999403953552, 1.0, 0.9999999403953552)","(0.9999999403953552, 1.0, 0.9999999403953552)","(0.9999999403953552, 1.0, 0.9999999403953552)"
"diagnostics","Image-original","Size","(256, 256, 256)","(256, 256, 256)","(256, 256, 256)","(256, 256, 256)","(256, 256, 256)","(256, 256, 256)","(256, 256, 256)","(256, 256, 256)","(256, 256, 256)","(256, 256, 256)","(256, 256, 256)","(256, 256, 256)","(256, 256, 256)","(256, 256, 256)","(256, 256, 256)","(256, 256, 256)","(256, 256, 256)","(256, 256, 256)","(256, 256, 256)","(256, 256, 256)","(256, 256, 256)"
"diagnostics","Image-original","Mean","15.722105860710144","15.722105860710144","15.722105860710144","15.722105860710144","15.722105860710144","15.722105860710144","15.722105860710144","15.722105860710144","15.722105860710144","15.722105860710144","15.722105860710144","15.722105860710144","15.722105860710144","15.722105860710144","15.722105860710144","15.722105860710144","15.722105860710144","15.722105860710144","15.722105860710144","15.722105860710144","15.722105860710144"
"diagnostics","Image-original","Minimum","0.0","0.0","0.0","0.0","0.0","0.0","0.0","0.0","0.0","0.0","0.0","0.0","0.0","0.0","0.0","0.0","0.0","0.0","0.0","0.0","0.0"
"diagnostics","Image-original","Maximum","255.0","255.0","255.0","255.0","255.0","255.0","255.0","255.0","255.0","255.0","255.0","255.0","255.0","255.0","255.0","255.0","255.0","255.0","255.0","255.0","255.0"
"diagnostics","Mask-original","Hash","77710285e4907b251e95bdf79b142e956caa7efc","77710285e4907b251e95bdf79b142e956caa7efc","77710285e4907b251e95bdf79b142e956caa7efc","77710285e4907b251e95bdf79b142e956caa7efc","77710285e4907b251e95bdf79b142e956caa7efc","77710285e4907b251e95bdf79b142e956caa7efc","77710285e4907b251e95bdf79b142e956caa7efc","77710285e4907b251e95bdf79b142e956caa7efc","77710285e4907b251e95bdf79b142e956caa7efc","77710285e4907b251e95bdf79b142e956caa7efc","77710285e4907b251e95bdf79b142e956caa7efc","77710285e4907b251e95bdf79b142e956caa7efc","77710285e4907b251e95bdf79b142e956caa7efc","77710285e4907b251e95bdf79b142e956caa7efc","77710285e4907b251e95bdf79b142e956caa7efc","77710285e4907b251e95bdf79b142e956caa7efc","77710285e4907b251e95bdf79b142e956caa7efc","77710285e4907b251e95bdf79b142e956caa7efc","77710285e4907b251e95bdf79b142e956caa7efc","77710285e4907b251e95bdf79b142e956caa7efc","77710285e4907b251e95bdf79b142e956caa7efc"
"diagnostics","Mask-original","Spacing","(0.9999999403953552, 1.0000001192092896, 0.9999999403953552)","(0.9999999403953552, 1.0000001192092896, 0.9999999403953552)","(0.9999999403953552, 1.0000001192092896, 0.9999999403953552)","(0.9999999403953552, 1.0000001192092896, 0.9999999403953552)","(0.9999999403953552, 1.0000001192092896, 0.9999999403953552)","(0.9999999403953552, 1.0000001192092896, 0.9999999403953552)","(0.9999999403953552, 1.0000001192092896, 0.9999999403953552)","(0.9999999403953552, 1.0000001192092896, 0.9999999403953552)","(0.9999999403953552, 1.0000001192092896, 0.9999999403953552)","(0.9999999403953552, 1.0000001192092896, 0.9999999403953552)","(0.9999999403953552, 1.0000001192092896, 0.9999999403953552)","(0.9999999403953552, 1.0000001192092896, 0.9999999403953552)","(0.9999999403953552, 1.0000001192092896, 0.9999999403953552)","(0.9999999403953552, 1.0000001192092896, 0.9999999403953552)","(0.9999999403953552, 1.0000001192092896, 0.9999999403953552)","(0.9999999403953552, 1.0000001192092896, 0.9999999403953552)","(0.9999999403953552, 1.0000001192092896, 0.9999999403953552)","(0.9999999403953552, 1.0000001192092896, 0.9999999403953552)","(0.9999999403953552, 1.0000001192092896, 0.9999999403953552)","(0.9999999403953552, 1.0000001192092896, 0.9999999403953552)","(0.9999999403953552, 1.0000001192092896, 0.9999999403953552)"
"diagnostics","Mask-original","Size","(256, 256, 256)","(256, 256, 256)","(256, 256, 256)","(256, 256, 256)","(256, 256, 256)","(256, 256, 256)","(256, 256, 256)","(256, 256, 256)","(256, 256, 256)","(256, 256, 256)","(256, 256, 256)","(256, 256, 256)","(256, 256, 256)","(256, 256, 256)","(256, 256, 256)","(256, 256, 256)","(256, 256, 256)","(256, 256, 256)","(256, 256, 256)","(256, 256, 256)","(256, 256, 256)"
"diagnostics","Mask-original","BoundingBox","(103, 146, 121, 11, 5, 12)","(97, 132, 107, 12, 21, 26)","(89, 134, 107, 21, 23, 29)","(84, 134, 108, 30, 23, 27)","(87, 132, 108, 21, 16, 23)","(90, 132, 108, 17, 17, 22)","(89, 131, 108, 21, 20, 23)","(102, 140, 128, 11, 6, 5)","(90, 129, 108, 10, 15, 18)","(87, 133, 108, 25, 21, 27)","(88, 132, 108, 22, 21, 25)","(88, 124, 101, 26, 14, 8)","(90, 143, 133, 16, 15, 9)","(93, 142, 131, 20, 11, 11)","(95, 140, 131, 8, 3, 8)","(102, 140, 137, 3, 2, 2)","(101, 140, 130, 6, 2, 8)","(98, 140, 130, 14, 7, 11)","(99, 140, 130, 15, 8, 14)","(95, 145, 142, 12, 5, 3)","(100, 145, 131, 14, 8, 8)"
"diagnostics","Mask-original","VoxelNum","72","286","427","759","219","270","319","61","122","541","94","585","733","468","26","3","14","279","200","35","53"
"diagnostics","Mask-original","VolumeNum","1","1","1","2","2","1","1","2","1","6","17","1","1","1","1","1","2","1","3","1","1"
"diagnostics","Mask-original","CenterOfMassIndex","(107.20833333333333, 148.95833333333334, 127.48611111111111)","(101.28321678321679, 144.37762237762237, 120.46153846153847)","(95.4519906323185, 145.20374707259953, 119.98126463700234)","(96.53227931488802, 146.034255599473, 127.53491436100131)","(95.37442922374429, 140.8538812785388, 121.29680365296804)","(94.73333333333333, 142.35185185185185, 120.37777777777778)","(96.15987460815047, 142.79937304075236, 121.29467084639498)","(107.01639344262296, 142.27868852459017, 129.86885245901638)","(95.01639344262296, 137.12295081967213, 115.59836065573771)","(95.38817005545286, 144.45101663585953, 123.23105360443623)","(99.48936170212765, 143.12765957446808, 120.70212765957447)","(99.64615384615385, 130.62564102564102, 105.02051282051282)","(96.71759890859481, 150.2537517053206, 137.34652114597543)","(102.40811965811966, 146.63247863247864, 136.48290598290598)","(98.57692307692308, 140.69230769230768, 133.76923076923077)","(103.0, 140.33333333333334, 137.66666666666666)","(103.92857142857143, 140.14285714285714, 134.21428571428572)","(103.4336917562724, 143.12544802867384, 134.7562724014337)","(107.41, 143.23, 135.185)","(99.71428571428571, 147.0, 142.62857142857143)","(105.90566037735849, 148.60377358490567, 134.39622641509433)"
"diagnostics","Mask-original","CenterOfMass","(-16.692052237689495, -11.955879665911198, -23.13120646774769)","(-22.61716843464157, -4.931307435035706, -18.550494965973428)","(-28.448394237971698, -4.451033639126138, -19.376619759432316)","(-27.368105619792402, -12.004682912892505, -20.207128385310114)","(-28.52595564192289, -5.766572576679593, -15.0267534468272)","(-29.16705149412155, -4.847546756267548, -16.52472419871225)","(-27.7405103043329, -5.764439770233665, -16.972245440961444)","(-16.883992116959362, -14.338620871794006, -16.451560862728797)","(-28.883991401703625, -0.06812991910294386, -11.295822543198938)","(-28.51221481103333, -7.700822412857505, -18.62388923295987)","(-24.411023408808617, -5.1718966187314805, -17.30053201381196)","(-24.25423127412796, 10.509717285633087, -4.7985119746281555)","(-27.18278603713152, -21.816289113049265, -24.426624994160875)","(-21.49226562678814, -20.952674001455307, -20.805351489629516)","(-25.32346197962761, -18.23899894952774, -14.865179841334992)","(-20.900385320186615, -22.136434614658356, -14.506205439567566)","(-19.971813946962357, -18.684053868055344, -14.315729226384832)","(-20.46669358976426, -19.226040522898415, -17.29832046775408)","(-16.490385583043107, -19.654768095910555, -17.4028724515438)","(-24.186099410057068, -27.098339080810547, -21.17287290096283)","(-17.994725116018984, -18.86599455801945, -22.776646677053208)"
"diagnostics","Image-interpolated","Spacing","(0.9999999403953552, 1.0, 0.9999999403953552)","(0.9999999403953552, 1.0, 0.9999999403953552)","(0.9999999403953552, 1.0, 0.9999999403953552)","(0.9999999403953552, 1.0, 0.9999999403953552)","(0.9999999403953552, 1.0, 0.9999999403953552)","(0.9999999403953552, 1.0, 0.9999999403953552)","(0.9999999403953552, 1.0, 0.9999999403953552)","(0.9999999403953552, 1.0, 0.9999999403953552)","(0.9999999403953552, 1.0, 0.9999999403953552)","(0.9999999403953552, 1.0, 0.9999999403953552)","(0.9999999403953552, 1.0, 0.9999999403953552)","(0.9999999403953552, 1.0, 0.9999999403953552)","(0.9999999403953552, 1.0, 0.9999999403953552)","(0.9999999403953552, 1.0, 0.9999999403953552)","(0.9999999403953552, 1.0, 0.9999999403953552)","(0.9999999403953552, 1.0, 0.9999999403953552)","(0.9999999403953552, 1.0, 0.9999999403953552)","(0.9999999403953552, 1.0, 0.9999999403953552)","(0.9999999403953552, 1.0, 0.9999999403953552)","(0.9999999403953552, 1.0, 0.9999999403953552)","(0.9999999403953552, 1.0, 0.9999999403953552)"
"diagnostics","Image-interpolated","Size","(21, 15, 22)","(22, 31, 36)","(31, 33, 39)","(40, 33, 37)","(31, 26, 33)","(27, 27, 32)","(31, 30, 33)","(21, 16, 15)","(20, 25, 28)","(35, 31, 37)","(32, 31, 35)","(36, 24, 18)","(26, 25, 19)","(30, 21, 21)","(18, 13, 18)","(13, 12, 12)","(16, 12, 18)","(24, 17, 21)","(25, 18, 24)","(22, 15, 13)","(24, 18, 18)"
"diagnostics","Image-interpolated","Mean","77.2040404040404","84.83968719452591","84.50141614657744","84.8671375921376","85.7515226708775","85.39596193415638","85.12515477354187","84.95853174603175","87.24392857142857","84.84692987918794","84.73842165898617","82.17123199588477","82.90404858299596","79.64867724867725","84.5954415954416","82.51976495726495","85.03964120370371","81.71755368814192","80.00148148148148","73.38741258741258","71.95807613168725"
"diagnostics","Image-interpolated","Minimum","0.0","0.0","0.0","0.0","0.0","0.0","0.0","0.0","2.0","0.0","0.0","0.0","0.0","0.0","8.0","8.0","8.0","0.0","0.0","0.0","0.0"
"diagnostics","Image-interpolated","Maximum","204.0","206.0","219.0","219.0","206.0","206.0","206.0","204.0","206.0","208.0","206.0","217.0","226.0","217.0","183.0","144.0","183.0","212.0","212.0","212.0","212.0"
"diagnostics","Mask-interpolated","Spacing","(0.9999999403953552, 1.0, 0.9999999403953552)","(0.9999999403953552, 1.0, 0.9999999403953552)","(0.9999999403953552, 1.0, 0.9999999403953552)","(0.9999999403953552, 1.0, 0.9999999403953552)","(0.9999999403953552, 1.0, 0.9999999403953552)","(0.9999999403953552, 1.0, 0.9999999403953552)","(0.9999999403953552, 1.0, 0.9999999403953552)","(0.9999999403953552, 1.0, 0.9999999403953552)","(0.9999999403953552, 1.0, 0.9999999403953552)","(0.9999999403953552, 1.0, 0.9999999403953552)","(0.9999999403953552, 1.0, 0.9999999403953552)","(0.9999999403953552, 1.0, 0.9999999403953552)","(0.9999999403953552, 1.0, 0.9999999403953552)","(0.9999999403953552, 1.0, 0.9999999403953552)","(0.9999999403953552, 1.0, 0.9999999403953552)","(0.9999999403953552, 1.0, 0.9999999403953552)","(0.9999999403953552, 1.0, 0.9999999403953552)","(0.9999999403953552, 1.0, 0.9999999403953552)","(0.9999999403953552, 1.0, 0.9999999403953552)","(0.9999999403953552, 1.0, 0.9999999403953552)","(0.9999999403953552, 1.0, 0.9999999403953552)"
"diagnostics","Mask-interpolated","Size","(21, 15, 22)","(22, 31, 36)","(31, 33, 39)","(40, 33, 37)","(31, 26, 33)","(27, 27, 32)","(31, 30, 33)","(21, 16, 15)","(20, 25, 28)","(35, 31, 37)","(32, 31, 35)","(36, 24, 18)","(26, 25, 19)","(30, 21, 21)","(18, 13, 18)","(13, 12, 12)","(16, 12, 18)","(24, 17, 21)","(25, 18, 24)","(22, 15, 13)","(24, 18, 18)"
"diagnostics","Mask-interpolated","BoundingBox","(5, 5, 5, 11, 5, 12)","(5, 5, 5, 12, 21, 26)","(5, 5, 5, 21, 23, 29)","(5, 5, 5, 30, 23, 27)","(5, 5, 5, 21, 16, 23)","(5, 5, 5, 17, 17, 22)","(5, 5, 5, 21, 20, 23)","(5, 5, 5, 11, 6, 5)","(5, 5, 5, 10, 15, 18)","(5, 5, 5, 25, 21, 27)","(5, 5, 5, 22, 21, 25)","(5, 5, 5, 26, 14, 8)","(5, 5, 5, 16, 15, 9)","(5, 5, 5, 20, 11, 11)","(5, 5, 5, 8, 3, 8)","(5, 5, 5, 3, 2, 2)","(5, 5, 5, 6, 2, 8)","(5, 5, 5, 14, 7, 11)","(5, 5, 5, 15, 8, 14)","(5, 5, 5, 12, 5, 3)","(5, 5, 5, 14, 8, 8)"
"diagnostics","Mask-interpolated","VoxelNum","72","286","427","759","219","270","319","61","122","541","94","585","733","468","26","3","14","279","200","35","53"
"diagnostics","Mask-interpolated","VolumeNum","1","1","1","2","2","1","1","2","1","6","17","1","1","1","1","1","2","1","3","1","1"
"diagnostics","Mask-interpolated","CenterOfMassIndex","(9.208333333333334, 7.958333333333333, 11.48611111111111)","(9.283216783216783, 17.377622377622377, 18.46153846153846)","(11.451990632318502, 16.20374707259953, 17.981264637002344)","(17.53227931488801, 17.034255599472992, 24.534914361001317)","(13.374429223744292, 13.853881278538813, 18.296803652968038)","(9.733333333333333, 15.351851851851851, 17.377777777777776)","(12.15987460815047, 16.79937304075235, 18.294670846394986)","(10.01639344262295, 7.278688524590164, 6.868852459016393)","(10.01639344262295, 13.12295081967213, 12.598360655737705)","(13.388170055452864, 16.45101663585952, 20.23105360443623)","(16.48936170212766, 16.127659574468087, 17.70212765957447)","(16.646153846153847, 11.625641025641025, 9.02051282051282)","(11.717598908594816, 12.2537517053206, 9.346521145975444)","(14.408119658119658, 9.632478632478632, 10.482905982905983)","(8.576923076923077, 5.6923076923076925, 7.769230769230769)","(6.0, 5.333333333333333, 5.666666666666667)","(7.928571428571429, 5.142857142857143, 9.214285714285714)","(10.4336917562724, 8.125448028673835, 9.756272401433693)","(13.41, 8.23, 10.185)","(9.714285714285714, 7.0, 5.628571428571429)","(10.90566037735849, 8.60377358490566, 8.39622641509434)"
"diagnostics","Mask-interpolated","CenterOfMass","(-16.69204842299223, -11.955883480608463, -23.131207784016926)","(-22.61716461994431, -4.931311249732971, -18.55049682830597)","(-28.448390423274432, -4.451037453823403, -19.376621523283124)","(-27.368101805095144, -12.004686727589768, -20.207130050156586)","(-28.52595182722562, -5.766576391376862, -15.026755729222407)","(-29.167047679424286, -4.847550570964813, -16.524726302535445)","(-27.740506489635635, -5.7644435849309374, -16.972247491435944)","(-16.883988302262104, -14.338624686491293, -16.45156297527376)","(-28.883987587006366, -0.0681337338002006, -11.295825270355724)","(-28.512210996336066, -7.700826227554774, -18.623891086543114)","(-24.41101959411134, -5.171900433428746, -17.30053402515168)","(-24.254227459430695, 10.509713470935822, -4.798515476324619)","(-27.18278222243425, -21.81629292774656, -24.426626156004193)","(-21.492261812090874, -20.952677816152573, -20.805353083162224)","(-25.323458164930344, -18.239002764225006, -14.865182142991287)","(-20.90038150548935, -22.13643842935562, -14.506207784016926)","(-19.97181013226509, -18.68405768275261, -14.315731593540736)","(-20.466689775066992, -19.226044337595663, -17.29832247935743)","(-16.490381768345834, -19.654771910607813, -17.402874450683594)","(-24.186095595359802, -27.098342895507812, -21.172874450683594)","(-17.994721301321714, -18.865998372716724, -22.776648035589254)"
"diagnostics","Mask-interpolated","Mean","71.72222222222223","75.5","74.96018735362998","67.89328063241106","72.94520547945206","68.7074074074074","70.60188087774294","64.8360655737705","94.08196721311475","71.5083179297597","55.712765957446805","71.54871794871795","70.09822646657571","66.8568376068376","79.6923076923077","80.66666666666667","77.5","68.34408602150538","67.365","65.91428571428571","67.43396226415095"
"diagnostics","Mask-interpolated","Minimum","53.0","42.0","53.0","49.0","49.0","44.0","48.0","46.0","75.0","42.0","31.0","40.0","46.0","51.0","72.0","76.0","70.0","52.0","44.0","55.0","57.0"
"diagnostics","Mask-interpolated","Maximum","87.0","97.0","101.0","90.0","93.0","91.0","94.0","90.0","124.0","95.0","80.0","98.0","90.0","85.0","90.0","87.0","86.0","97.0","94.0","80.0","80.0"
"original","shape","Elongation","0.2773224291764661","0.2614805582162266","0.32022900474632304","0.5596768816557096","0.44188377921576005","0.43231578421086553","0.6064755572331932","0.2872345763839219","0.3708837851563491","0.5096856381825692","0.5132922669139662","0.3491654063416023","0.6245112164677975","0.513991107349717","0.43633082423582414","0.554901733348232","0.37981057189154604","0.6799930776880184","0.8127945338577619","0.30626187437510344","0.6351382053008667"
"original","shape","Flatness","0.15252666758482647","0.07849095609982523","0.07541293072640881","0.1869178774664985","0.1361527824237827","0.09596425998708946","0.16395686293494482","0.26043179277143674","0.112417997676587","0.17429089847508314","0.08972526740763409","0.2502169991935752","0.5012355813870557","0.35046616489764365","0.21946056100028535","0.0","0.0768505342473819","0.38080030753829436","0.38557694133251275","0.17983354932605805","0.14160146067455165"
"original","shape","LeastAxisLength","2.313240199867477","2.9443979613267284","3.1431136019669044","6.649183899408541","4.038131970220672","2.8604832864024097","4.967039820975476","3.0057834222919646","2.514697984990088","6.216190818633045","3.2201293257909054","5.701483650465575","7.621295559294295","5.9497702155359615","2.135113321689149","0.0","0.7849788705064813","4.525450504257029","5.069744469317085","1.9954809651140477","2.0371272104439866"
"original","shape","MajorAxisLength","15.166136102599813","37.51257606777049","41.67870909791097","35.57275520957209","29.658828107175758","29.807798098867686","30.294796643836182","11.541537960113557","22.369176083571336","35.665607745557175","35.88876822357542","22.78615629170239","15.205017046483592","16.976732168349653","9.728915810464791","3.6867933935887844","10.214358015776885","11.884051600462369","13.148463836547354","11.0962663673841","14.386343196882681"
"original","shape","Maximum2DDiameterColumn","14.212669556410724","13.601469698024625","20.615526899307074","29.41088058668029","17.088006472110447","16.12451453550108","22.84731795578537","8.544003236055223","8.246210759722828","25.999998450279236","17.26267547269637","19.104972035797662","14.866067861231757","14.317820209867715","9.219543907765214","2.236067844219752","8.602324754304085","10.295629527319623","17.492854641880452","10.049875022101624","13.341663268901186"
"original","shape","Maximum2DDiameterRow","8.062257386039283","32.80243770536761","34.99999866485597","28.017850326859264","24.596746579633365","27.202939956973502","27.65863242151905","5.099019501903353","21.260290907756243","32.80243770536761","31.240997604677275","10.198039003806706","13.601470438619915","11.704699294543042","7.280109488101465","1.4142135202262471","7.07106739882636","10.440305938001597","13.416407225254561","4.123105611161411","9.433980974104614"
"original","shape","Maximum2DDiameterSlice","5.385164530426889","8.54400329884099","14.866067961467818","24.331048710145055","19.646881609187954","16.031218590064288","20.099750056065016","8.94427148350304","8.246210788635329","21.377557096841183","18.24828653260879","24.351590028954735","16.155493591280667","19.646881609187954","4.47213574175152","3.162277490530587","3.162277490530587","13.92838755397159","9.433980974104614","12.165524355072527","14.56021897620293"
"original","shape","Maximum3DDiameter","15.748014824508333","32.817676933252194","35.1283347949634","38.05259321977904","27.85677531335266","27.36786329310021","29.444862558637162","12.369316216684243","22.293495932656104","34.59768628001435","32.031233591215106","28.142493093313075","17.029386138419564","20.63976628252065","9.486832421328709","3.162277490530587","8.602324761232984","14.696937645582592","17.492854641880452","12.165524355072527","14.56021897620293"
"original","shape","MeshVolume","63.20832579831304","267.08330149451916","400.5832855800815","748.1665774782542","190.583310614032","249.74997022748116","265.1249683946384","52.58332706491168","106.20832067231372","501.74994018674215","63.16665913661452","547.4582680712151","717.9165810843318","452.1666127642007","17.124997958540984","0.49999994039535706","8.9166656037172","265.37496836483507","183.29164481659794","26.87499679625043","38.33332876364408"
"original","shape","MinorAxisLength","4.205909705193883","9.808809330329293","13.34673153353555","19.909248707595204","13.10575505110943","12.886381610711132","18.37305367583682","3.315128766792172","8.296364696703815","18.178248044963492","18.42142719822894","7.956137520555523","9.495703692113066","8.7258893663896","4.245025854501043","2.045808044599227","3.8795211594772163","8.081072823201627","10.686999534972147","3.398363336240475","9.137316198910401"
"original","shape","Sphericity","0.594211877140562","0.3753268771854523","0.36193987804497385","0.34982269021046936","0.32056470663842196","0.4087729131589395","0.2387834821619986","0.6250786713055858","0.3905088635472252","0.23734904948969923","0.3455792267801887","0.5619308927179288","0.7568093969792862","0.6464812990896422","0.5611342307491002","0.5862941740078695","0.5838177575037367","0.7149043083727278","0.48624540349071954","0.5542570189906791","0.37418157491249493"
"original","shape","SurfaceArea","129.1394664542542","534.3661626784474","726.0662308509425","1139.291921886159","499.60295268411494","469.1794456831048","835.8216117580937","108.58791270097268","277.73178801403463","1286.5347282868752","221.95338242691915","575.9284891276207","512.3266309310702","440.6838677280284","57.25820301702835","5.196152009753548","35.61846045875011","279.346250895232","320.91527892078045","78.28379487326848","146.93302343440118"
"original","shape","SurfaceVolumeRatio","2.043076838742987","2.000747181453473","1.8125225314868834","1.522778424192937","2.621441253562372","1.878596603057688","3.1525571386923223","2.065063562199591","2.614972030966624","2.564095429304985","3.5137742831528667","1.0520043676693582","0.7136297509067958","0.9746050577109717","3.343545100305906","10.392305258366385","3.994594172501142","1.0526473262210223","1.750845103942894","2.912885737876276","3.8330358508743627"
"original","shape","VoxelVolume","71.99999141693141","285.9999659061442","426.9999490976349","758.999909520152","218.99997389316636","269.9999678134928","318.99996197223777","60.99999272823355","121.9999854564671","540.9999355077763","93.99998879432712","584.9999302625677","732.9999126195934","467.99994421005414","25.999996900558564","2.999999642372142","13.999998331069996","278.9999667406092","199.9999761581428","34.999995827674994","52.99999368190784"
"original","firstorder","10Percentile","61.0","64.0","67.0","59.8","64.0","60.0","60.0","53.0","83.0","63.0","45.3","63.0","61.0","59.0","72.0","76.60000000000001","71.3","60.0","57.0","57.800000000000004","63.0"
"original","firstorder","90Percentile","80.0","85.0","83.0","76.40000000000009","82.0","76.0","82.0","76.0","109.0","82.0","65.0","82.0","79.0","76.0","85.0","85.4","85.0","78.0","78.0","75.6","74.0"
"original","firstorder","Energy","374680.0","1647897.0","2416476.0","3534923.0","1176891.0","1286467.0","1611736.0","261507.0","1093336.0","2798796.0","298441.0","3029938.0","3634626.0","2113143.0","165746.0","19586.0","84491.0","1318478.0","919701.0","153529.0","242406.0"
"original","firstorder","Entropy","0.9640787648082284","0.9968838030315178","1.0204812853251197","0.7039085655802017","1.0326066997739134","0.6842937752888348","0.9151617945872579","0.720523936685392","0.8751957887407245","0.9245526043635273","0.9000432396031532","0.9935879763023029","0.8596652589899236","0.6033862643047508","0.7062740891876","-3.203426503814917e-16","0.9852281360342509","0.7088356733321954","0.7579911871785614","0.6609623351442079","0.45079138835466437"
"original","firstorder","InterquartileRange","11.0","11.0","8.0","9.0","10.0","7.0","11.0","12.0","16.0","9.0","11.5","9.0","10.0","10.0","5.5","5.5","9.0","9.0","9.0","10.5","7.0"
"original","firstorder","Kurtosis","2.4611288964475047","3.846881739945034","3.6249350263043","2.8230617801223006","3.4060729363077185","4.13860081493825","2.8964280052420137","3.0211270935827392","2.830319440661078","3.2504484487097387","3.195720638989804","3.791996132160828","3.106817126288634","2.567404350329399","2.3403674444622817","1.4999999999999982","1.6441775726335088","3.9133990960501963","3.199894001982467","2.1996800166204533","2.690056786660689"
"original","firstorder","Maximum","87.0","97.0","101.0","90.0","93.0","91.0","94.0","90.0","124.0","95.0","80.0","98.0","90.0","85.0","90.0","87.0","86.0","97.0","94.0","80.0","80.0"
"original","firstorder","MeanAbsoluteDeviation","6.300925925925926","6.066433566433567","4.973482002314498","5.652788409963183","5.738412460123851","5.120603566529493","6.524700032428926","7.32007524858909","8.587207739854879","6.090555929493202","6.691715708465371","5.952452333990796","5.327166571435484","5.502757688655125","3.9467455621301775","4.222222222222224","4.785714285714286","5.821636412687402","6.2396","5.340408163265306","4.3025987896048425"
"original","firstorder","Mean","71.72222222222223","75.5","74.96018735362998","67.89328063241106","72.94520547945206","68.7074074074074","70.60188087774294","64.8360655737705","94.08196721311475","71.5083179297597","55.712765957446805","71.54871794871795","70.09822646657571","66.8568376068376","79.6923076923077","80.66666666666667","77.5","68.34408602150538","67.365","65.91428571428571","67.43396226415095"
"original","firstorder","Median","73.0","76.0","75.0","67.0","74.0","68.0","71.0","63.0","91.0","71.0","56.0","72.0","70.0","67.0","80.0","79.0","77.0","67.0","67.0","65.0","65.0"
"original","firstorder","Minimum","53.0","42.0","53.0","49.0","49.0","44.0","48.0","46.0","75.0","42.0","31.0","40.0","46.0","51.0","72.0","76.0","70.0","52.0","44.0","55.0","57.0"
"original","firstorder","Range","34.0","55.0","48.0","41.0","44.0","47.0","46.0","44.0","49.0","53.0","49.0","58.0","44.0","34.0","18.0","11.0","16.0","45.0","50.0","25.0","23.0"
"original","firstorder","RobustMeanAbsoluteDeviation","4.709566216604425","4.346832850787374","3.812457311564986","4.077014729311249","4.143219071456914","3.618777775621496","4.8858710562414265","5.112036651395251","6.56798353102637","4.284322467885187","4.6880000000000015","4.162652779253906","4.092027059921295","4.156382788905704","3.555555555555557","0.0","4.0","4.070613369314668","4.710671768707483","3.840877914951989","3.2035123966942156"
"original","firstorder","RootMeanSquared","72.13798506257912","75.90703275967005","75.22761713221482","68.24472548112954","73.30710406808684","69.02675273104329","71.08068619423464","65.47518613948341","94.66662818439917","71.92617903832793","56.34628874486011","71.96791782857967","70.41705811569985","67.19570537253716","79.8426336855577","80.80016501633315","77.68572216676259","68.74392772140902","67.81227764940505","66.23098109754119","67.62912178350054"
"original","firstorder","Skewness","-0.20068197776967386","-0.5920171437712832","0.21278096723559745","0.1989128374923774","-0.19775494133055063","0.29049709202468244","0.1307766107151753","0.4644337207688498","0.5983405740280332","0.2918575253830125","-0.111805192146152","-0.334294375615396","0.07711648064472791","0.17712136870502462","-0.12826571968473596","0.49220842833071443","0.21327536054419638","0.694789768143641","0.1568931066678737","0.2616892379176763","0.5654870177068066"
"original","firstorder","TotalEnergy","374679.95533466473","1647896.8035553752","2416475.711933621","3534922.578604353","1176890.8597036642","1286466.8466411876","1611735.8078661023","261506.96882593725","1093335.8696641962","2798795.666357527","298440.96442306146","3029937.6388032543","3634625.56671883","2113142.7480937317","165745.98024153768","19585.997665166924","84490.98992788822","1318477.842825179","919700.8903631005","153528.98169791754","242405.97110295383"
"original","firstorder","Uniformity","0.5246913580246915","0.5192674458408724","0.498368334165163","0.7015350271923567","0.4988428097829486","0.7160768175582991","0.5724295162193768","0.7210427304488042","0.583982800322494","0.5611331107929793","0.6041195110909914","0.5330089853166776","0.6067665632462232","0.7486028928336621","0.6893491124260356","1.0","0.510204081632653","0.687825182101977","0.6886000000000001","0.7159183673469389","0.829120683517266"
"original","firstorder","Variance","59.81172839506171","61.62762237762237","40.16469129979322","47.845000963406186","52.92850440983299","43.984759945130314","67.83836636825504","83.28460091373289","110.35393711367911","59.93569791001124","70.99196468990493","60.162156476002636","44.80071991051371","45.426085725765205","23.98224852071006","21.55555555555555","28.82142857142857","54.81350445138167","60.461774999999996","41.84979591836735","26.35884656461374"
"original","glcm","Autocorrelation","1.9284584682155015","7.044438965143446","2.403592078836435","4.6635786606632195","5.979385866967262","4.652194816143357","5.152340084564772","4.52105269033711","2.0276930821437866","5.363294559937723","2.93667430922005","5.629268674829335","5.055862867910506","1.3334355127752708","3.6180097680097676","1.0","2.4087301587301586","1.4076866106472925","4.688438425360899","1.3862044097289032","1.1691134952004516"
"original","glcm","ClusterProminence","0.42898895947181637","0.5051727406181418","0.5646310633786148","0.37334880110732294","0.6290004601568623","0.30625291196391513","0.632810302345564","0.331455402200215","0.5266763808546598","0.5978245111471155","0.8194628084961184","0.6368744825261964","0.636103485624784","0.5434964616933724","0.053960606654020256","0.0","0.36732299684802133","0.5348860166344566","0.56074961412702","0.3146050473302312","0.12919348947718845"
"original","glcm","ClusterShade","0.07318860381225446","-0.15492695319249675","-0.0015996322267366864","0.22837337825621623","0.06599002383127064","0.20051158813144726","0.2626769800781964","0.11164519356653997","0.1381235334403091","0.2267932558762839","-0.26890299379713317","0.13882986801504768","0.3377578418143694","0.3321356478437012","-0.056941993953213726","0.0","0.10803368966634308","0.32365510504342687","0.2781847309679339","0.16667689504402655","0.10048436006200866"
"original","glcm","ClusterTendency","0.45351699506259685","0.47288577468122917","0.5261137463089426","0.29648437804595107","0.5826871629062794","0.2738668943268826","0.48332050734445775","0.2956274958450082","0.4907725498962478","0.5133704332114156","0.6092048348292931","0.5454990916096748","0.46657843726786746","0.31249312547494495","0.13441594230284706","0.0","0.40258881330309904","0.35359957721342733","0.36604894167222063","0.24299815624267532","0.13762989156251376"
"original","glcm","Contrast","0.488503168498496","0.43557705248986317","0.4755188182366434","0.24692737884128613","0.43501825674263017","0.2542082761080539","0.3162814359543949","0.3558097332901917","0.37610829696509146","0.34630741658187714","0.24040743787940325","0.41794486134020725","0.27445330601349244","0.16453337153862238","0.190995115995116","0.0","0.2896825396825397","0.21504099663589285","0.24036647699694724","0.2834194856229088","0.14751552795031053"
"original","glcm","Correlation","-0.0449991830683223","0.031353137097071056","0.049117175890571345","0.0909140850930086","0.14760085982262752","0.04061795381669304","0.2076531434631394","-0.0788802774271835","0.12857022206380064","0.18812040590138737","0.4239233018605304","0.13300668511075792","0.2588882108423235","0.309791836073987","0.19537150883304755","1.0","0.25833333333333325","0.2461547777236088","0.19756806845308156","0.17001997161795293","0.2643962098507553"
"original","glcm","DifferenceAverage","0.488503168498496","0.43557705248986317","0.4738642416272203","0.24577733576831098","0.4237457315382164","0.2542082761080539","0.3140189925154809","0.3254759803558196","0.37610829696509146","0.34630741658187714","0.24040743787940325","0.4159406482512492","0.2716279156986418","0.16453337153862238","0.190995115995116","0.0","0.2896825396825397","0.21504099663589285","0.23613556578929185","0.2834194856229088","0.14751552795031053"
"original","glcm","DifferenceEntropy","0.9706834585752164","0.9757176548683726","0.994610793939253","0.8065151690032563","1.0013325288797048","0.8068281105579734","0.8829204481428786","0.9316319375040666","0.9323299160589523","0.9231454478839388","0.7633167133524902","0.9817950335687307","0.8500909962781525","0.6426722109858605","0.5742701747664115","-3.203426503814917e-16","0.7604721342070396","0.7349877777230138","0.7952780310201818","0.5668405278373689","0.5092624018318983"
"original","glcm","DifferenceVariance","0.24001467247070588","0.24167884253358166","0.24754400389150485","0.18616651970106562","0.25066105075566747","0.18661403309363012","0.21219495849305653","0.24032315944005384","0.2272665047726338","0.22404625127860583","0.17452470861379718","0.24288205870958793","0.19988848929307929","0.1370152124609205","0.13441594230284706","0.0","0.1837679516250945","0.1652742295134796","0.18395983490658788","0.1326762294530077","0.11321392135934398"
"original","glcm","Id","0.7557484157507521","0.7822114737550684","0.763343641954627","0.8773030059613405","0.7900058884316274","0.8728958619459732","0.8433675776487454","0.8423176353111524","0.8119458515174544","0.8268462917090614","0.8797962810602983","0.7923637113892017","0.8646569405364875","0.917733314230689","0.9045024420024419","1.0","0.8551587301587299","0.8924795016820537","0.8826373689732966","0.8582902571885457","0.9262422360248447"
"original","glcm","Idm","0.7557484157507521","0.7822114737550684","0.7632333368473323","0.8772263364231422","0.7892543867513331","0.8728958619459732","0.8432167480861511","0.8402953851155275","0.8119458515174544","0.8268462917090614","0.8797962810602983","0.7922300971832712","0.8644685811821642","0.917733314230689","0.9045024420024419","1.0","0.8551587301587299","0.8924795016820537","0.8823553082261195","0.8582902571885457","0.9262422360248447"
"original","glcm","Idmn","0.9022993663003007","0.9564422947510138","0.9525244832506167","0.9753603410269318","0.9570184447197868","0.9745791723891943","0.9684762768709718","0.9658190460371826","0.9247783406069817","0.9653692583418122","0.9759592562120597","0.9582980160085466","0.9726850720285669","0.9670933256922757","0.9618009768009768","1.0","0.9420634920634919","0.9569918006728215","0.976158625125274","0.9433161028754182","0.9704968944099378"
"original","glcm","Idn","0.8371656105005013","0.891105736877534","0.881616668423666","0.938613168211571","0.8946271933756665","0.9364479309729864","0.9216083740430754","0.9201476925577639","0.8746305676783029","0.9134231458545308","0.939898140530149","0.8961150485916357","0.9322342905910822","0.9451555428204592","0.9363349613349613","1.0","0.9034391534391535","0.9283196677880355","0.9411776541130599","0.9055268381256971","0.9508281573498966"
"original","glcm","Imc1","-0.05155434267562071","-0.031215632356539878","-0.019954147874946974","-0.015666580366858442","-0.03854295491306545","-0.037488628358658134","-0.06169661673371995","-0.10465332026008405","-0.05014089709429018","-0.042050560091798264","-0.1872418005411705","-0.02263709241095219","-0.0662007301726245","-0.09764991195597648","-0.04000055375305996","0.0","-0.08893253682814821","-0.08808537256112918","-0.055205744181972945","-0.26293509695843403","-0.04900918025586554"
"original","glcm","Imc2","0.2613564726801579","0.19075105368805587","0.17952981562311074","0.13043114681188903","0.2519081199871104","0.1878190974806173","0.2913619442972234","0.35873062221327606","0.242630819212513","0.236195885037164","0.4761147648884273","0.18776131074873825","0.30689738508011827","0.31620587239448744","0.17282976423401436","0.0","0.33523239917658726","0.25393143667126433","0.25580409388167397","0.4136713399196396","0.17323133585087522"
"original","glcm","InverseVariance","0.488503168498496","0.43557705248986317","0.4724164870939751","0.2447710480794577","0.41388227198435434","0.2542082761080539","0.31203935450643105","0.29893394653824396","0.37610829696509146","0.34630741658187714","0.24040743787940325","0.414186961798411","0.26915569917314747","0.16453337153862238","0.190995115995116","0.0","0.2896825396825397","0.21504099663589285","0.2324335184825934","0.2834194856229088","0.14751552795031053"
"original","glcm","JointAverage","1.3909033508215833","2.6520405823125697","1.5448432737763214","2.1566442381984","2.4374617698924346","2.1557089612768827","2.2600496723930728","2.1295672604692566","1.4052490768754444","2.306287986744235","1.6815142052747798","2.3658503027410953","2.237808797922005","1.1385673995148606","1.9045024420024421","1.0","1.5178571428571426","1.1717357029884128","2.157850688427089","1.1759713841801192","1.0809570863918692"
"original","glcm","JointEnergy","0.28897524574874767","0.3084615044862894","0.2610631150003643","0.5454488500803583","0.26529349139791225","0.5496441259292825","0.3998991296134067","0.4962679593904665","0.3392930717966966","0.35042645621936386","0.41027426950183393","0.2875072604577564","0.4365664866938576","0.6244715390322959","0.7028785285481715","1.0","0.47009637188208625","0.5504054835618605","0.5282405005480547","0.6041149496142002","0.7442133688842438"
"original","glcm","JointEntropy","1.8668871134271379","1.839396328450094","2.0022444097007193","1.2896063264539441","2.000891146899823","1.2303620425071502","1.6732417063138867","1.4704144174752556","1.7572354965939403","1.7699742988019567","1.621177152183994","1.9548441305496052","1.5753315704664554","1.1030356110073196","0.7652652907615274","-3.203426503814917e-16","1.3714754006837688","1.2648984231407836","1.4066886845153506","0.9945137989667564","0.6991745894520147"
"original","glcm","MCC","0.21582054374613183","0.1545153392762738","0.13971884683706673","0.11109407235076926","0.19713852774516322","0.1521197169467406","0.2513513272369917","0.2818838229405155","0.2051223224456882","0.1983620918008665","0.44121176612224383","0.1909832259345026","0.2735837689094759","0.30979183607398575","0.11232079885926015","1","0.2694444444444443","0.24615477772360814","0.22371369794891632","0.38136035537212876","0.13664275118820476"
"original","glcm","MaximumProbability","0.3686912187753227","0.43627663589316756","0.31402538029948357","0.7172209563620693","0.3467154810642597","0.7164327528561192","0.5738396124920381","0.6717403711840974","0.4861839541291896","0.5155499704573409","0.568205843230435","0.41819188788379863","0.6237444080788748","0.7791659147158281","0.809004884004884","1.0","0.5873015873015872","0.7207437986936406","0.706828762558163","0.7070441477337012","0.8452851496329757"
"original","glcm","SumAverage","2.7818067016431667","5.304081164625139","3.0896865475526427","4.3132884763968","4.874923539784869","4.3114179225537645","4.5200993447861455","4.259134520938514","2.810498153750889","4.61257597348847","3.3630284105495596","4.7317006054821915","4.47561759584401","2.2771347990297213","3.8090048840048842","2.0","3.035714285714285","2.3434714059768256","4.315701376854178","2.3519427683602383","2.1619141727837383"
"original","glcm","SumEntropy","1.3783839449286421","1.4038192759602315","1.5234665493691606","1.0392076168106017","1.553866358049233","0.9761537663990969","1.3523539048311088","1.0817200730952716","1.3811271996288492","1.42366688222008","1.3807697143045905","1.5311685096717171","1.2923527405082398","0.9385022394686976","0.5742701747664115","-3.203426503814917e-16","1.0817928610012293","1.049857426504891","1.1563457596114544","0.7110943133438479","0.5516590615017044"
"original","glcm","SumSquares","0.23550504089027322","0.22711570679277313","0.2504081411363965","0.13585293922180927","0.2544263549122274","0.13201879260873414","0.19990048582471318","0.16285930728379996","0.21672021171533482","0.21491946244832316","0.21240306817717408","0.24086098823747049","0.18525793582034","0.11925662425339181","0.08135276457449077","0.0","0.17306783824640967","0.14216014346233002","0.15160385466729195","0.13160441046639604","0.07128635487820607"
"original","gldm","DependenceEntropy","4.0844391970197895","4.460843964539192","4.483889773053685","4.677547301109599","4.529645352679655","4.299778655033861","4.094882940647626","3.964794626856138","4.1529943345814","4.321812297736739","3.687146182653321","5.090143180143327","5.158082580279836","4.8815273101202","3.195846815111714","0.9182958340544889","2.074164743022574","4.935754261744936","4.726566224977812","3.535727659493038","2.8724872409753734"
"original","gldm","DependenceNonUniformity","8.694444444444445","23.356643356643357","43.004683840749415","38.386034255599476","21.383561643835616","18.044444444444444","35.19435736677116","4.868852459016393","12.688524590163935","52.43438077634011","13.212765957446809","33.899145299145296","31.379263301500682","21.555555555555557","3.076923076923077","1.6666666666666667","3.857142857142857","12.46236559139785","11.25","3.8","9.79245283018868"
"original","gldm","DependenceNonUniformityNormalized","0.12075617283950617","0.08166658516308865","0.10071354529449511","0.050574485185243045","0.09764183399011697","0.0668312757201646","0.11032713908078734","0.07981725342649826","0.10400429991937651","0.09692122139804087","0.1405613399728384","0.0579472569216159","0.042809363303547995","0.046058879392212725","0.11834319526627218","0.5555555555555556","0.2755102040816326","0.044667977030099816","0.05625","0.10857142857142857","0.18476326094695622"
"original","gldm","DependenceVariance","6.645061728395061","12.701256785172868","8.107179878132387","30.718506598898422","11.098767748795897","20.09541838134431","7.744302827212783","18.045686643375436","6.823434560601989","8.457153009590646","5.702127659574468","23.44652202498357","49.092440009008186","42.41518737672584","9.63905325443787","0.2222222222222222","1.2448979591836733","44.53881630503206","30.873600000000003","8.478367346938775","2.8145247419010326"
"original","gldm","GrayLevelNonUniformity","37.77777777777778","148.51048951048952","212.80327868852459","532.4650856389986","109.24657534246575","193.34074074074073","182.6050156739812","43.98360655737705","71.24590163934427","303.57301293900184","56.787234042553195","311.8102564102564","444.7598908594816","350.34615384615387","17.923076923076923","3.0","7.142857142857143","191.90322580645162","137.72","25.057142857142857","43.943396226415096"
"original","gldm","GrayLevelVariance","0.23765432098765432","0.24671133062741454","0.254188856407922","0.15064895387974955","0.25683367736285734","0.14381344307270233","0.21664488359980738","0.14673474872346143","0.20800859983875303","0.22121695634496263","0.20608872793119057","0.24078895463510847","0.19878315022269208","0.12569855358316895","0.15532544378698226","0.0","0.24489795918367346","0.15608740894901144","0.16109999999999997","0.1420408163265306","0.08543965824136704"
"original","gldm","HighGrayLevelEmphasis","2.1666666666666665","7.013986013986014","2.5714285714285716","4.888010540184453","6.269406392694064","4.822222222222222","5.5109717868338555","4.688524590163935","1.8852459016393444","5.602587800369686","3.2872340425531914","5.757264957264957","5.315143246930423","1.4423076923076923","3.423076923076923","1.0","2.7142857142857144","1.5806451612903225","4.87","1.5142857142857142","1.2830188679245282"
"original","gldm","LargeDependenceEmphasis","52.583333333333336","70.48251748251748","65.07962529274005","162.43873517786562","46.60730593607306","120.68888888888888","38.705329153605014","94.9672131147541","45.42622950819672","49.147874306839185","21.70212765957447","155.51965811965812","295.70668485675304","302.53418803418805","37.0","5.666666666666667","14.0","266.1111111111111","150.12","45.51428571428571","24.88679245283019"
"original","gldm","LargeDependenceHighGrayLevelEmphasis","97.25","570.1188811188811","171.4192037470726","667.494071146245","272.26027397260276","497.2814814814815","180.18808777429467","386.2950819672131","71.88524590163935","243.44362292051756","72.75531914893617","813.9452991452991","1321.5907230559344","336.87393162393164","147.42307692307693","5.666666666666667","27.285714285714285","302.4121863799283","635.55","48.94285714285714","25.962264150943398"
"original","gldm","LargeDependenceLowGrayLevelEmphasis","41.416666666666664","9.61771561771562","38.49733281290658","40.11868686868687","9.270674784373414","29.771193415637857","8.973789620341345","23.574225865209474","38.81147540983606","10.98675292667899","8.95065011820331","33.568518518518516","70.07393512202516","293.94925213675214","9.39423076923077","5.666666666666667","10.678571428571429","257.0358422939068","36.5625","44.65714285714286","24.617924528301888"
"original","gldm","LowGrayLevelEmphasis","0.7083333333333334","0.1686091686091686","0.6097449908925319","0.22708973795930318","0.19000507356671742","0.22962962962962963","0.210118425635667","0.24180327868852458","0.7786885245901639","0.20671595810227972","0.4400118203309693","0.20574548907882242","0.2152872517811126","0.8894230769230769","0.3942307692307692","1.0","0.5714285714285714","0.8548387096774194","0.2325","0.8714285714285714","0.9292452830188679"
"original","gldm","SmallDependenceEmphasis","0.06423221055738712","0.05368354933982033","0.0337639067234891","0.044261158325658606","0.08802855482143397","0.06168789837924493","0.09180055407316326","0.08808186439802845","0.07902155669442858","0.07545685999300478","0.2626696358212316","0.018953386849490116","0.01668699459478472","0.017850495709437347","0.23760974475260188","0.20370370370370372","0.10442460317460316","0.024312330083160662","0.0692972721844575","0.10923337562538243","0.11444118213323065"
"original","gldm","SmallDependenceHighGrayLevelEmphasis","0.20507152120448546","0.3110897001955437","0.09804381384220992","0.3314677381225647","0.5343500652016232","0.4807029252499474","0.6124852054026126","0.5228647982114216","0.18481018521505357","0.4695199171134885","0.8541866486547338","0.11801131725476416","0.10925696402170432","0.05755188481959377","0.37351590208733065","0.20370370370370372","0.3544246031746031","0.07639839941171644","0.4840489977381611","0.3264952803872872","0.2622399242715954"
"original","gldm","SmallDependenceLowGrayLevelEmphasis","0.029022382895612528","0.013075347920505673","0.020296063693483628","0.008532456300843469","0.019989171904803024","0.011392462293586827","0.01822658631295495","0.02821227949760466","0.052574399564272324","0.015438376523536936","0.12661071358212314","0.004705787578173563","0.004809952132249292","0.007925148431898232","0.20363320541891972","0.20370370370370372","0.04192460317460318","0.011290812751021713","0.018244876129438516","0.054917899434906235","0.07749149659863945"
"original","glrlm","GrayLevelNonUniformity","28.944843355221163","107.53678637422169","159.19410998456766","274.21182760315617","88.00329037949574","112.73492430595697","145.44256818825943","27.79970115457498","55.859809388670975","234.51524234141593","49.73888518860379","176.6743279784421","161.59089688743714","121.08480212181","14.07875210220748","2.0","5.923931623931625","73.80847600285945","75.1891288338926","19.148473839897818","35.528255863277565"
"original","glrlm","GrayLevelNonUniformityNormalized","0.5170944188234573","0.502873711214391","0.4985443067833879","0.6013875216722339","0.49645402430236785","0.6309109120928418","0.5524171939613812","0.6445638647378321","0.5689508915941734","0.5463585464321359","0.5973736752626752","0.5058630396365811","0.5064642126343435","0.6159304816507329","0.6453571978122021","1.0","0.5420973044049967","0.5634808268269501","0.6032934328726349","0.6726069731750906","0.8013906961878852"
"original","glrlm","GrayLevelVariance","0.24145279058827135","0.25657313020550043","0.2553444209779326","0.20300176540397602","0.2598172666570656","0.1889474198855709","0.22761681157327807","0.1925713400721831","0.21552455420291328","0.22926926181878612","0.2108224878153776","0.26053046003436714","0.2549387115697025","0.19203475917463353","0.1773214010938989","0.0","0.22895134779750168","0.21825958658652492","0.21091081944957202","0.16369651341245475","0.0993046519060575"
"original","glrlm","HighGrayLevelRunEmphasis","2.2304718880952144","6.757295192938833","2.5749235030277147","5.332364789065789","6.31963414572812","5.171464033791777","5.643859836295449","4.927491140154331","1.9533385019170142","5.710666923467828","3.2787571071922104","5.988586898277695","6.092704445663785","1.780319392382129","3.3071436001069867","1.0","2.8884615384615384","1.9745207574969565","5.198897034864256","1.6288563517123458","1.3364548154096012"
"original","glrlm","LongRunEmphasis","2.2655774660926267","2.5562921504724563","2.467749553434509","4.322841900521768","1.9401773625814989","3.5819213098228677","1.8274458924233676","2.7814465554103203","2.2417753172682295","2.09322316660845","1.4946938193091894","4.089158966910554","9.038287628094071","9.41064889537127","1.704683943059229","2.5","1.9898860398860398","7.818324954504149","3.970093203176767","2.1905831466634003","2.0187478481979992"
"original","glrlm","LongRunHighGrayLevelEmphasis","4.82824150287226","18.881228759812082","6.274554162699299","19.262997220839164","12.064634766777383","16.03178138221759","9.661852984048108","12.318944127462377","3.919699076189135","11.374703764147778","4.9834733104028635","22.522871584084744","42.181266793089506","11.324487450538745","6.125879372343903","2.5","4.925783475783476","10.286230470720493","17.89348223904183","2.9420036009398483","2.4089840115699825"
"original","glrlm","LongRunLowGrayLevelEmphasis","1.6249114568977185","0.40186099161357564","1.519631982653596","1.0289515114525007","0.3693171127876344","0.852132038948551","0.3940864020124058","0.6783460895434215","1.822294377538003","0.4415049992732903","0.6359748323978464","0.8594925531773284","2.096389912804242","8.932189256579402","0.5993850857380605","2.5","1.255911680911681","7.201348575450063","0.9476129371852386","2.002728033094288","1.9211888073550034"
"original","glrlm","LowGrayLevelRunEmphasis","0.6923820279761964","0.1766425363561124","0.6098527057783563","0.21599839270223387","0.1893919713290173","0.22144704785767713","0.20689741718598575","0.24036408307047366","0.7616653745207465","0.20406432357245968","0.4437866090640229","0.20215451794678901","0.19613500119876418","0.8049201519044679","0.4232140999732534","1.0","0.5278846153846154","0.7563698106257608","0.2277066472652274","0.8427859120719137","0.9158862961475998"
"original","glrlm","RunEntropy","1.8685991212864523","2.0348703417279057","2.0716006258587183","2.365250153746504","1.872344632469892","2.0957720405840083","1.7146467785851844","1.911786930674793","1.7101268150564564","1.8337090236096065","1.4451989343262948","2.6252930199130184","3.044383322264348","2.947028948138152","1.3882299308598671","0.9999999999999993","1.5488932942834828","2.6854329103955825","2.328415676268038","1.4380644038726158","1.1733187789535382"
"original","glrlm","RunLengthNonUniformity","37.295811102778664","135.4746849878353","201.79779610328234","202.7751354744173","124.95069668554483","92.73618901651182","191.3176365045104","23.881527852203075","69.98674274219887","297.5323770501094","67.27241381742145","149.24710026164655","98.92629271629912","52.8611984297095","15.945760311389602","1.0","7.325356125356124","42.24932477136162","59.56626996368722","20.08425707134704","34.70501278565609"
"original","glrlm","RunLengthNonUniformityNormalized","0.6403972550779647","0.6033485614909903","0.6037667423089362","0.4346280458386612","0.6880584223821729","0.484103114408979","0.7164105652811084","0.5327177408457321","0.6829138768779728","0.6746932807416138","0.7993071155125419","0.4206814398569916","0.30532253178634705","0.26262641734137454","0.7271124922684116","0.5","0.6370660140745611","0.3101404050573067","0.46897011628603547","0.6806380702061785","0.7479536270379199"
"original","glrlm","RunPercentage","0.7777777777777778","0.7461000537923616","0.7481534858584039","0.5970406405189015","0.8092729188619597","0.6527065527065526","0.8244514106583072","0.7011349306431274","0.7994955863808323","0.7931181572586378","0.8846153846153846","0.5964497041420118","0.4344632175464372","0.41814595660749515","0.8372781065088759","0.6666666666666666","0.7857142857142857","0.46594982078853053","0.6184615384615384","0.8043956043956043","0.8319039451114922"
"original","glrlm","RunVariance","0.42580358293368753","0.5628936680474868","0.5105576523334214","1.3249607959857168","0.3298046855749636","0.8400276784811488","0.31048069503481235","0.5218747425845993","0.4722205985219575","0.41040920233394557","0.1825059466122022","1.1441420099201336","3.4293567911951777","3.1794824843915417","0.25450894426923065","0.25","0.24319538802444782","2.3281947829561087","1.1868994609983579","0.3824261089358166","0.37617647902079926"
"original","glrlm","ShortRunEmphasis","0.8139496362129095","0.7892849664952605","0.7897722603686989","0.6740719654030407","0.8464722473346812","0.6907428283260996","0.8659645735190569","0.7291229518140779","0.8351303287340038","0.8395213619491932","0.9097110578879675","0.6618957727636807","0.5600642419338441","0.4984920653163544","0.8718127049977736","0.625","0.7936807534029754","0.5421046102166938","0.7003378549508561","0.8259080347140585","0.8675807245751103"
"original","glrlm","ShortRunHighGrayLevelEmphasis","1.8757666124477101","5.166741224308499","2.0258325435080895","3.9068138310498735","5.389151631989667","3.8313965293194423","4.974652658608419","3.777566255993951","1.670548375452526","4.868611477734219","2.9861161072506075","4.116778868731034","3.807934889247744","1.1015993048635464","2.7943944200980817","0.625","2.4202833175055396","1.3440648977615317","3.848772245278697","1.4241233607853778","1.1905902029941158"
"original","glrlm","ShortRunLowGrayLevelEmphasis","0.5484953921542093","0.14473305116357688","0.48434077111913615","0.13790079570932964","0.159798130470387","0.14699494432188903","0.177084823670285","0.17448972911890126","0.6262758170543735","0.16950413332449085","0.4040856814093834","0.13178246876365546","0.10073513179754244","0.3477152554295565","0.39116727622269676","0.625","0.3870301123773346","0.34161453833048433","0.1569987834859688","0.6763542031962284","0.7868283549703591"
"original","glszm","GrayLevelNonUniformity","4.333333333333333","5.5","3.857142857142857","21.82758620689655","9.571428571428571","14.333333333333334","14.384615384615385","3.0","3.5714285714285716","14.548387096774194","14.655172413793103","1.5","3.75","5.285714285714286","4.333333333333333","1.0","2.5","3.3333333333333335","8.6","2.5","2.6"
"original","glszm","GrayLevelNonUniformityNormalized","0.7222222222222222","0.4583333333333333","0.5510204081632653","0.7526753864447087","0.4557823129251701","0.7962962962962963","0.5532544378698225","0.42857142857142855","0.5102040816326531","0.46930280957336107","0.5053507728894173","0.375","0.46875","0.7551020408163265","0.7222222222222222","1.0","0.625","0.5555555555555556","0.5733333333333334","0.625","0.52"
"original","glszm","GrayLevelVariance","0.13888888888888887","0.35416666666666663","0.5306122448979592","0.30202140309155767","0.3401360544217687","0.24999999999999997","0.3032544378698225","0.5306122448979591","0.24489795918367346","0.3121748178980229","0.28299643281807374","0.6875","0.734375","0.12244897959183672","0.1388888888888889","0.0","0.1875","0.2222222222222222","0.5066666666666666","0.1875","0.24"
"original","glszm","HighGrayLevelZoneEmphasis","3.5","5.416666666666667","2.5714285714285716","8.10344827586207","6.238095238095238","8.277777777777779","7.346153846153846","6.428571428571429","2.7142857142857144","6.32258064516129","3.1379310344827585","3.75","6.375","3.5714285714285716","1.5","1.0","3.25","3.0","7.266666666666667","3.25","2.8"
"original","glszm","LargeAreaEmphasis","398.6666666666667","2720.3333333333335","11507.0","13425.413793103447","426.9047619047619","2803.8888888888887","1137.6538461538462","361.2857142857143","1155.4285714285713","3309.516129032258","38.275862068965516","45600.25","40419.125","23311.14285714286","74.33333333333333","9.0","14.5","8706.5","1699.3333333333333","214.75","444.2"
"original","glszm","LargeAreaHighGrayLevelEmphasis","626.6666666666666","22784.0","32440.0","54765.24137931035","2236.0476190476193","11296.777777777777","4900.692307692308","1464.0","1596.857142857143","16382.806451612903","143.3448275862069","236475.0","183539.5","25015.571428571428","294.8333333333333","9.0","31.0","9959.5","6966.266666666666","228.25","450.8"
"original","glszm","LargeAreaLowGrayLevelEmphasis","341.6666666666667","349.5092592592593","6273.90873015873","3326.855363984674","92.07936507936509","698.753086419753","274.71474358974353","89.89285714285714","1045.0714285714287","740.0465949820789","12.046934865900383","9899.340277777777","9497.642361111111","22885.035714285714","19.208333333333332","9.0","10.375","8393.25","420.22962962962964","211.375","442.55"
"original","glszm","LowGrayLevelZoneEmphasis","0.375","0.2662037037037037","0.7658730158730158","0.18199233716475097","0.21957671957671956","0.16820987654320987","0.18269230769230768","0.2777777777777778","0.5714285714285714","0.20698924731182797","0.5038314176245211","0.5902777777777778","0.3506944444444444","0.35714285714285715","0.875","1.0","0.4375","0.5","0.24814814814814815","0.4375","0.55"
"original","glszm","SizeZoneNonUniformity","1.3333333333333333","3.1666666666666665","1.2857142857142858","9.827586206896552","3.380952380952381","7.333333333333333","5.153846153846154","2.7142857142857144","2.7142857142857144","9.193548387096774","11.89655172413793","1.5","2.5","2.7142857142857144","4.333333333333333","1.0","1.5","1.6666666666666667","5.933333333333334","1.5","2.2"
"original","glszm","SizeZoneNonUniformityNormalized","0.2222222222222222","0.2638888888888889","0.1836734693877551","0.3388822829964328","0.16099773242630386","0.4074074074074074","0.19822485207100593","0.3877551020408163","0.3877551020408163","0.29656607700312176","0.4102259215219976","0.375","0.3125","0.3877551020408163","0.7222222222222222","1.0","0.375","0.2777777777777778","0.39555555555555555","0.375","0.44"
"original","glszm","SmallAreaEmphasis","0.393982535622146","0.47942549088868214","0.32479242527537694","0.5872230456734303","0.3472088764827846","0.6444061140724293","0.43692529832440147","0.5962873015873015","0.6073026122651441","0.5569731343873576","0.6519737665181015","0.12500757536986182","0.4687540080670322","0.6071797477143549","0.8337112622826909","0.1111111111111111","0.125","0.41673668483178833","0.6450478189664436","0.5159222651605232","0.6223127609275187"
"original","glszm","SmallAreaHighGrayLevelEmphasis","1.575671878025774","2.6052165522129225","1.4676583429616301","4.690179374876569","1.8786083936360667","5.355205046138826","3.224463834741227","3.5091571428571426","1.5720068533365728","3.536189415943674","2.133082727343811","0.12505919386110412","2.218783905241334","2.428716298842743","0.8348450491307634","0.1111111111111111","0.47916666666666663","1.5419366848317884","4.717917018136971","2.062797265160523","1.8889794275941854"
"original","glszm","SmallAreaLowGrayLevelEmphasis","0.09856020002123898","0.1563143008149985","0.1978061045839725","0.12774701757419799","0.10494344843047987","0.12098354917044696","0.093851165737581","0.2130874779541446","0.366126551997287","0.12440707998552972","0.3200107025568848","0.12500109127630832","0.2743060611008357","0.15179560993225796","0.8334278155706727","0.1111111111111111","0.03645833333333333","0.13543668483178828","0.19076957301185543","0.1292035151605232","0.30564609426085204"
"original","glszm","ZoneEntropy","2.2516291673878213","3.0849625007211534","2.807354922057602","2.554093273985038","3.7849418274376383","2.102187170949331","3.483074931433271","2.5216406363433164","2.2359263506290312","3.3525355215351524","2.8040664154952513","1.4999999999999991","2.1556390622295645","1.66449777920046","0.6500224216483536","-3.203426503814917e-16","1.4999999999999991","2.2516291673878213","2.330124965314968","1.4999999999999991","1.9219280948873612"
"original","glszm","ZonePercentage","0.08333333333333333","0.04195804195804196","0.01639344262295082","0.03820816864295125","0.0958904109589041","0.06666666666666667","0.08150470219435736","0.11475409836065574","0.05737704918032787","0.05730129390018484","0.30851063829787234","0.006837606837606838","0.010914051841746248","0.014957264957264958","0.23076923076923078","0.3333333333333333","0.2857142857142857","0.021505376344086023","0.075","0.11428571428571428","0.09433962264150944"
"original","glszm","ZoneVariance","254.66666666666666","2152.305555555555","7786.0","12740.418549346014","318.14965986394554","2578.8888888888887","987.1198224852071","285.3469387755102","851.673469387755","3004.9573361082207","27.76932223543401","24211.1875","32023.984375","18841.265306122445","55.555555555555564","0.0","2.25","6544.249999999999","1521.5555555555554","138.1875","331.84"
"original","ngtdm","Busyness","49.18032661782664","8.173454695152092","23.136831233771424","14.475798017741745","8.201407092781528","4.657501075194169","8.645316400971167","0.9958398783074821","83.1177847945705","15.997586642756945","1.909973544973544","22.76145639792838","17.004041749662072","34.74324537126235","1.2608108108108107","0.0","1.299047619047619","35.9242166643957","3.4711370715877075","4.882588489941431","2.773370927318296"
"original","ngtdm","Coarseness","0.06100000155168909","0.01688770454832986","0.010509921802126917","0.010571036799549042","0.02232670148201048","0.03242226012864648","0.020917568991142912","0.1516208602396221","0.052421306317435426","0.011565526974008361","0.09113952103272993","0.008659482171534066","0.01005303131430512","0.025805065547489354","0.27867095391211144","1000000.0","0.5388563049853373","0.03318952514528681","0.0447344774646323","0.21083320186138207","0.251451550956781"
"original","ngtdm","Complexity","0.45537339460950577","1.6531759645320816","1.7805662739620718","1.023295711376203","1.6308432765411442","0.9353946267058365","1.229714093534025","0.8950530000622725","0.31272480169953965","1.2610210368551147","0.9289923568603828","1.5689627491466713","1.1189397994835826","0.16560718536597765","0.27603550295857987","0.0","0.26511175898931","0.21598557828056147","0.9132772835727689","0.27103348352327944","0.15007204733085833"
"original","ngtdm","Contrast","0.10883970365387546","0.03448692191475864","0.038082755974495244","0.013044003486728803","0.03575194267655143","0.011483986648479586","0.022412625845512835","0.01243324997326045","0.06467914841864643","0.023552810401392853","0.017013978231266304","0.03241747705536501","0.01875365256458837","0.021006314833220928","0.049300182066454264","0.0","0.06301541024573094","0.03481691453723608","0.013186121226247328","0.0396092133328285","0.013096141685514123"
"original","ngtdm","Strength","0.060653499547530895","0.06378648322517456","0.03592435159764657","0.025821860184021765","0.0739930695335856","0.07764575398213729","0.059019969812777094","0.32139636918237025","0.05272142769204841","0.034379991434697214","0.2403572065818621","0.02613196716988181","0.027014375598795333","0.025571991573764916","0.2423542989036353","0.0","0.5551883674818242","0.0321368556695032","0.10466231701653811","0.2049174268521667","0.24618991793669398"
