"Image type","Feature Class","Feature Name","lh.hippoAmygLabels-T1.v21.FS60.FSvoxelSpace_40_label_203","lh.hippoAmygLabels-T1.v21.FS60.FSvoxelSpace_40_label_204","lh.hippoAmygLabels-T1.v21.FS60.FSvoxelSpace_40_label_205","lh.hippoAmygLabels-T1.v21.FS60.FSvoxelSpace_40_label_206","lh.hippoAmygLabels-T1.v21.FS60.FSvoxelSpace_40_label_208","lh.hippoAmygLabels-T1.v21.FS60.FSvoxelSpace_40_label_209","lh.hippoAmygLabels-T1.v21.FS60.FSvoxelSpace_40_label_210","lh.hippoAmygLabels-T1.v21.FS60.FSvoxelSpace_40_label_211","lh.hippoAmygLabels-T1.v21.FS60.FSvoxelSpace_40_label_212","lh.hippoAmygLabels-T1.v21.FS60.FSvoxelSpace_40_label_214","lh.hippoAmygLabels-T1.v21.FS60.FSvoxelSpace_40_label_215","lh.hippoAmygLabels-T1.v21.FS60.FSvoxelSpace_40_label_226","lh.hippoAmygLabels-T1.v21.FS60.FSvoxelSpace_40_label_7001","lh.hippoAmygLabels-T1.v21.FS60.FSvoxelSpace_40_label_7003","lh.hippoAmygLabels-T1.v21.FS60.FSvoxelSpace_40_label_7005","lh.hippoAmygLabels-T1.v21.FS60.FSvoxelSpace_40_label_7006","lh.hippoAmygLabels-T1.v21.FS60.FSvoxelSpace_40_label_7007","lh.hippoAmygLabels-T1.v21.FS60.FSvoxelSpace_40_label_7008","lh.hippoAmygLabels-T1.v21.FS60.FSvoxelSpace_40_label_7009","lh.hippoAmygLabels-T1.v21.FS60.FSvoxelSpace_40_label_7010","lh.hippoAmygLabels-T1.v21.FS60.FSvoxelSpace_40_label_7015"
"diagnostics","Versions","PyRadiomics","v3.0.1.post4+gad5b2de","v3.0.1.post4+gad5b2de","v3.0.1.post4+gad5b2de","v3.0.1.post4+gad5b2de","v3.0.1.post4+gad5b2de","v3.0.1.post4+gad5b2de","v3.0.1.post4+gad5b2de","v3.0.1.post4+gad5b2de","v3.0.1.post4+gad5b2de","v3.0.1.post4+gad5b2de","v3.0.1.post4+gad5b2de","v3.0.1.post4+gad5b2de","v3.0.1.post4+gad5b2de","v3.0.1.post4+gad5b2de","v3.0.1.post4+gad5b2de","v3.0.1.post4+gad5b2de","v3.0.1.post4+gad5b2de","v3.0.1.post4+gad5b2de","v3.0.1.post4+gad5b2de","v3.0.1.post4+gad5b2de","v3.0.1.post4+gad5b2de"
"diagnostics","Versions","Numpy","1.19.2","1.19.2","1.19.2","1.19.2","1.19.2","1.19.2","1.19.2","1.19.2","1.19.2","1.19.2","1.19.2","1.19.2","1.19.2","1.19.2","1.19.2","1.19.2","1.19.2","1.19.2","1.19.2","1.19.2","1.19.2"
"diagnostics","Versions","SimpleITK","2.0.2","2.0.2","2.0.2","2.0.2","2.0.2","2.0.2","2.0.2","2.0.2","2.0.2","2.0.2","2.0.2","2.0.2","2.0.2","2.0.2","2.0.2","2.0.2","2.0.2","2.0.2","2.0.2","2.0.2","2.0.2"
"diagnostics","Versions","PyWavelet","1.1.1","1.1.1","1.1.1","1.1.1","1.1.1","1.1.1","1.1.1","1.1.1","1.1.1","1.1.1","1.1.1","1.1.1","1.1.1","1.1.1","1.1.1","1.1.1","1.1.1","1.1.1","1.1.1","1.1.1","1.1.1"
"diagnostics","Versions","Python","3.6.7","3.6.7","3.6.7","3.6.7","3.6.7","3.6.7","3.6.7","3.6.7","3.6.7","3.6.7","3.6.7","3.6.7","3.6.7","3.6.7","3.6.7","3.6.7","3.6.7","3.6.7","3.6.7","3.6.7","3.6.7"
"diagnostics","Configuration","Settings","{'minimumROIDimensions': 2, 'minimumROISize': None, 'normalize': False, 'normalizeScale': 1, 'removeOutliers': None, 'resampledPixelSpacing': [1.0, 1.0, 1.0], 'interpolator': 'sitkBSpline', 'preCrop': False, 'padDistance': 5, 'distances': [1], 'force2D': False, 'force2Ddimension': 0, 'resegmentRange': None, 'label': 203, 'additionalInfo': True, 'binWidth': 25.0, 'symmetricalGLCM': True, 'correctMask': True}","{'minimumROIDimensions': 2, 'minimumROISize': None, 'normalize': False, 'normalizeScale': 1, 'removeOutliers': None, 'resampledPixelSpacing': [1.0, 1.0, 1.0], 'interpolator': 'sitkBSpline', 'preCrop': False, 'padDistance': 5, 'distances': [1], 'force2D': False, 'force2Ddimension': 0, 'resegmentRange': None, 'label': 204, 'additionalInfo': True, 'binWidth': 25.0, 'symmetricalGLCM': True, 'correctMask': True}","{'minimumROIDimensions': 2, 'minimumROISize': None, 'normalize': False, 'normalizeScale': 1, 'removeOutliers': None, 'resampledPixelSpacing': [1.0, 1.0, 1.0], 'interpolator': 'sitkBSpline', 'preCrop': False, 'padDistance': 5, 'distances': [1], 'force2D': False, 'force2Ddimension': 0, 'resegmentRange': None, 'label': 205, 'additionalInfo': True, 'binWidth': 25.0, 'symmetricalGLCM': True, 'correctMask': True}","{'minimumROIDimensions': 2, 'minimumROISize': None, 'normalize': False, 'normalizeScale': 1, 'removeOutliers': None, 'resampledPixelSpacing': [1.0, 1.0, 1.0], 'interpolator': 'sitkBSpline', 'preCrop': False, 'padDistance': 5, 'distances': [1], 'force2D': False, 'force2Ddimension': 0, 'resegmentRange': None, 'label': 206, 'additionalInfo': True, 'binWidth': 25.0, 'symmetricalGLCM': True, 'correctMask': True}","{'minimumROIDimensions': 2, 'minimumROISize': None, 'normalize': False, 'normalizeScale': 1, 'removeOutliers': None, 'resampledPixelSpacing': [1.0, 1.0, 1.0], 'interpolator': 'sitkBSpline', 'preCrop': False, 'padDistance': 5, 'distances': [1], 'force2D': False, 'force2Ddimension': 0, 'resegmentRange': None, 'label': 208, 'additionalInfo': True, 'binWidth': 25.0, 'symmetricalGLCM': True, 'correctMask': True}","{'minimumROIDimensions': 2, 'minimumROISize': None, 'normalize': False, 'normalizeScale': 1, 'removeOutliers': None, 'resampledPixelSpacing': [1.0, 1.0, 1.0], 'interpolator': 'sitkBSpline', 'preCrop': False, 'padDistance': 5, 'distances': [1], 'force2D': False, 'force2Ddimension': 0, 'resegmentRange': None, 'label': 209, 'additionalInfo': True, 'binWidth': 25.0, 'symmetricalGLCM': True, 'correctMask': True}","{'minimumROIDimensions': 2, 'minimumROISize': None, 'normalize': False, 'normalizeScale': 1, 'removeOutliers': None, 'resampledPixelSpacing': [1.0, 1.0, 1.0], 'interpolator': 'sitkBSpline', 'preCrop': False, 'padDistance': 5, 'distances': [1], 'force2D': False, 'force2Ddimension': 0, 'resegmentRange': None, 'label': 210, 'additionalInfo': True, 'binWidth': 25.0, 'symmetricalGLCM': True, 'correctMask': True}","{'minimumROIDimensions': 2, 'minimumROISize': None, 'normalize': False, 'normalizeScale': 1, 'removeOutliers': None, 'resampledPixelSpacing': [1.0, 1.0, 1.0], 'interpolator': 'sitkBSpline', 'preCrop': False, 'padDistance': 5, 'distances': [1], 'force2D': False, 'force2Ddimension': 0, 'resegmentRange': None, 'label': 211, 'additionalInfo': True, 'binWidth': 25.0, 'symmetricalGLCM': True, 'correctMask': True}","{'minimumROIDimensions': 2, 'minimumROISize': None, 'normalize': False, 'normalizeScale': 1, 'removeOutliers': None, 'resampledPixelSpacing': [1.0, 1.0, 1.0], 'interpolator': 'sitkBSpline', 'preCrop': False, 'padDistance': 5, 'distances': [1], 'force2D': False, 'force2Ddimension': 0, 'resegmentRange': None, 'label': 212, 'additionalInfo': True, 'binWidth': 25.0, 'symmetricalGLCM': True, 'correctMask': True}","{'minimumROIDimensions': 2, 'minimumROISize': None, 'normalize': False, 'normalizeScale': 1, 'removeOutliers': None, 'resampledPixelSpacing': [1.0, 1.0, 1.0], 'interpolator': 'sitkBSpline', 'preCrop': False, 'padDistance': 5, 'distances': [1], 'force2D': False, 'force2Ddimension': 0, 'resegmentRange': None, 'label': 214, 'additionalInfo': True, 'binWidth': 25.0, 'symmetricalGLCM': True, 'correctMask': True}","{'minimumROIDimensions': 2, 'minimumROISize': None, 'normalize': False, 'normalizeScale': 1, 'removeOutliers': None, 'resampledPixelSpacing': [1.0, 1.0, 1.0], 'interpolator': 'sitkBSpline', 'preCrop': False, 'padDistance': 5, 'distances': [1], 'force2D': False, 'force2Ddimension': 0, 'resegmentRange': None, 'label': 215, 'additionalInfo': True, 'binWidth': 25.0, 'symmetricalGLCM': True, 'correctMask': True}","{'minimumROIDimensions': 2, 'minimumROISize': None, 'normalize': False, 'normalizeScale': 1, 'removeOutliers': None, 'resampledPixelSpacing': [1.0, 1.0, 1.0], 'interpolator': 'sitkBSpline', 'preCrop': False, 'padDistance': 5, 'distances': [1], 'force2D': False, 'force2Ddimension': 0, 'resegmentRange': None, 'label': 226, 'additionalInfo': True, 'binWidth': 25.0, 'symmetricalGLCM': True, 'correctMask': True}","{'minimumROIDimensions': 2, 'minimumROISize': None, 'normalize': False, 'normalizeScale': 1, 'removeOutliers': None, 'resampledPixelSpacing': [1.0, 1.0, 1.0], 'interpolator': 'sitkBSpline', 'preCrop': False, 'padDistance': 5, 'distances': [1], 'force2D': False, 'force2Ddimension': 0, 'resegmentRange': None, 'label': 7001, 'additionalInfo': True, 'binWidth': 25.0, 'symmetricalGLCM': True, 'correctMask': True}","{'minimumROIDimensions': 2, 'minimumROISize': None, 'normalize': False, 'normalizeScale': 1, 'removeOutliers': None, 'resampledPixelSpacing': [1.0, 1.0, 1.0], 'interpolator': 'sitkBSpline', 'preCrop': False, 'padDistance': 5, 'distances': [1], 'force2D': False, 'force2Ddimension': 0, 'resegmentRange': None, 'label': 7003, 'additionalInfo': True, 'binWidth': 25.0, 'symmetricalGLCM': True, 'correctMask': True}","{'minimumROIDimensions': 2, 'minimumROISize': None, 'normalize': False, 'normalizeScale': 1, 'removeOutliers': None, 'resampledPixelSpacing': [1.0, 1.0, 1.0], 'interpolator': 'sitkBSpline', 'preCrop': False, 'padDistance': 5, 'distances': [1], 'force2D': False, 'force2Ddimension': 0, 'resegmentRange': None, 'label': 7005, 'additionalInfo': True, 'binWidth': 25.0, 'symmetricalGLCM': True, 'correctMask': True}","{'minimumROIDimensions': 2, 'minimumROISize': None, 'normalize': False, 'normalizeScale': 1, 'removeOutliers': None, 'resampledPixelSpacing': [1.0, 1.0, 1.0], 'interpolator': 'sitkBSpline', 'preCrop': False, 'padDistance': 5, 'distances': [1], 'force2D': False, 'force2Ddimension': 0, 'resegmentRange': None, 'label': 7006, 'additionalInfo': True, 'binWidth': 25.0, 'symmetricalGLCM': True, 'correctMask': True}","{'minimumROIDimensions': 2, 'minimumROISize': None, 'normalize': False, 'normalizeScale': 1, 'removeOutliers': None, 'resampledPixelSpacing': [1.0, 1.0, 1.0], 'interpolator': 'sitkBSpline', 'preCrop': False, 'padDistance': 5, 'distances': [1], 'force2D': False, 'force2Ddimension': 0, 'resegmentRange': None, 'label': 7007, 'additionalInfo': True, 'binWidth': 25.0, 'symmetricalGLCM': True, 'correctMask': True}","{'minimumROIDimensions': 2, 'minimumROISize': None, 'normalize': False, 'normalizeScale': 1, 'removeOutliers': None, 'resampledPixelSpacing': [1.0, 1.0, 1.0], 'interpolator': 'sitkBSpline', 'preCrop': False, 'padDistance': 5, 'distances': [1], 'force2D': False, 'force2Ddimension': 0, 'resegmentRange': None, 'label': 7008, 'additionalInfo': True, 'binWidth': 25.0, 'symmetricalGLCM': True, 'correctMask': True}","{'minimumROIDimensions': 2, 'minimumROISize': None, 'normalize': False, 'normalizeScale': 1, 'removeOutliers': None, 'resampledPixelSpacing': [1.0, 1.0, 1.0], 'interpolator': 'sitkBSpline', 'preCrop': False, 'padDistance': 5, 'distances': [1], 'force2D': False, 'force2Ddimension': 0, 'resegmentRange': None, 'label': 7009, 'additionalInfo': True, 'binWidth': 25.0, 'symmetricalGLCM': True, 'correctMask': True}","{'minimumROIDimensions': 2, 'minimumROISize': None, 'normalize': False, 'normalizeScale': 1, 'removeOutliers': None, 'resampledPixelSpacing': [1.0, 1.0, 1.0], 'interpolator': 'sitkBSpline', 'preCrop': False, 'padDistance': 5, 'distances': [1], 'force2D': False, 'force2Ddimension': 0, 'resegmentRange': None, 'label': 7010, 'additionalInfo': True, 'binWidth': 25.0, 'symmetricalGLCM': True, 'correctMask': True}","{'minimumROIDimensions': 2, 'minimumROISize': None, 'normalize': False, 'normalizeScale': 1, 'removeOutliers': None, 'resampledPixelSpacing': [1.0, 1.0, 1.0], 'interpolator': 'sitkBSpline', 'preCrop': False, 'padDistance': 5, 'distances': [1], 'force2D': False, 'force2Ddimension': 0, 'resegmentRange': None, 'label': 7015, 'additionalInfo': True, 'binWidth': 25.0, 'symmetricalGLCM': True, 'correctMask': True}"
"diagnostics","Configuration","EnabledImageTypes","{'Original': {}}","{'Original': {}}","{'Original': {}}","{'Original': {}}","{'Original': {}}","{'Original': {}}","{'Original': {}}","{'Original': {}}","{'Original': {}}","{'Original': {}}","{'Original': {}}","{'Original': {}}","{'Original': {}}","{'Original': {}}","{'Original': {}}","{'Original': {}}","{'Original': {}}","{'Original': {}}","{'Original': {}}","{'Original': {}}","{'Original': {}}"
"diagnostics","Image-original","Hash","ef0d1d2663ff304afa09c24f511a35796a7e372d","ef0d1d2663ff304afa09c24f511a35796a7e372d","ef0d1d2663ff304afa09c24f511a35796a7e372d","ef0d1d2663ff304afa09c24f511a35796a7e372d","ef0d1d2663ff304afa09c24f511a35796a7e372d","ef0d1d2663ff304afa09c24f511a35796a7e372d","ef0d1d2663ff304afa09c24f511a35796a7e372d","ef0d1d2663ff304afa09c24f511a35796a7e372d","ef0d1d2663ff304afa09c24f511a35796a7e372d","ef0d1d2663ff304afa09c24f511a35796a7e372d","ef0d1d2663ff304afa09c24f511a35796a7e372d","ef0d1d2663ff304afa09c24f511a35796a7e372d","ef0d1d2663ff304afa09c24f511a35796a7e372d","ef0d1d2663ff304afa09c24f511a35796a7e372d","ef0d1d2663ff304afa09c24f511a35796a7e372d","ef0d1d2663ff304afa09c24f511a35796a7e372d","ef0d1d2663ff304afa09c24f511a35796a7e372d","ef0d1d2663ff304afa09c24f511a35796a7e372d","ef0d1d2663ff304afa09c24f511a35796a7e372d","ef0d1d2663ff304afa09c24f511a35796a7e372d","ef0d1d2663ff304afa09c24f511a35796a7e372d"
"diagnostics","Image-original","Dimensionality","3D","3D","3D","3D","3D","3D","3D","3D","3D","3D","3D","3D","3D","3D","3D","3D","3D","3D","3D","3D","3D"
"diagnostics","Image-original","Spacing","(1.0, 1.0, 1.0)","(1.0, 1.0, 1.0)","(1.0, 1.0, 1.0)","(1.0, 1.0, 1.0)","(1.0, 1.0, 1.0)","(1.0, 1.0, 1.0)","(1.0, 1.0, 1.0)","(1.0, 1.0, 1.0)","(1.0, 1.0, 1.0)","(1.0, 1.0, 1.0)","(1.0, 1.0, 1.0)","(1.0, 1.0, 1.0)","(1.0, 1.0, 1.0)","(1.0, 1.0, 1.0)","(1.0, 1.0, 1.0)","(1.0, 1.0, 1.0)","(1.0, 1.0, 1.0)","(1.0, 1.0, 1.0)","(1.0, 1.0, 1.0)","(1.0, 1.0, 1.0)","(1.0, 1.0, 1.0)"
"diagnostics","Image-original","Size","(256, 256, 256)","(256, 256, 256)","(256, 256, 256)","(256, 256, 256)","(256, 256, 256)","(256, 256, 256)","(256, 256, 256)","(256, 256, 256)","(256, 256, 256)","(256, 256, 256)","(256, 256, 256)","(256, 256, 256)","(256, 256, 256)","(256, 256, 256)","(256, 256, 256)","(256, 256, 256)","(256, 256, 256)","(256, 256, 256)","(256, 256, 256)","(256, 256, 256)","(256, 256, 256)"
"diagnostics","Image-original","Mean","18.310761511325836","18.310761511325836","18.310761511325836","18.310761511325836","18.310761511325836","18.310761511325836","18.310761511325836","18.310761511325836","18.310761511325836","18.310761511325836","18.310761511325836","18.310761511325836","18.310761511325836","18.310761511325836","18.310761511325836","18.310761511325836","18.310761511325836","18.310761511325836","18.310761511325836","18.310761511325836","18.310761511325836"
"diagnostics","Image-original","Minimum","0.0","0.0","0.0","0.0","0.0","0.0","0.0","0.0","0.0","0.0","0.0","0.0","0.0","0.0","0.0","0.0","0.0","0.0","0.0","0.0","0.0"
"diagnostics","Image-original","Maximum","255.0","255.0","255.0","255.0","255.0","255.0","255.0","255.0","255.0","255.0","255.0","255.0","255.0","255.0","255.0","255.0","255.0","255.0","255.0","255.0","255.0"
"diagnostics","Mask-original","Hash","6970db6a80dfc1121020cedd975daad52eaae062","6970db6a80dfc1121020cedd975daad52eaae062","6970db6a80dfc1121020cedd975daad52eaae062","6970db6a80dfc1121020cedd975daad52eaae062","6970db6a80dfc1121020cedd975daad52eaae062","6970db6a80dfc1121020cedd975daad52eaae062","6970db6a80dfc1121020cedd975daad52eaae062","6970db6a80dfc1121020cedd975daad52eaae062","6970db6a80dfc1121020cedd975daad52eaae062","6970db6a80dfc1121020cedd975daad52eaae062","6970db6a80dfc1121020cedd975daad52eaae062","6970db6a80dfc1121020cedd975daad52eaae062","6970db6a80dfc1121020cedd975daad52eaae062","6970db6a80dfc1121020cedd975daad52eaae062","6970db6a80dfc1121020cedd975daad52eaae062","6970db6a80dfc1121020cedd975daad52eaae062","6970db6a80dfc1121020cedd975daad52eaae062","6970db6a80dfc1121020cedd975daad52eaae062","6970db6a80dfc1121020cedd975daad52eaae062","6970db6a80dfc1121020cedd975daad52eaae062","6970db6a80dfc1121020cedd975daad52eaae062"
"diagnostics","Mask-original","Spacing","(1.0, 1.0, 1.0)","(1.0, 1.0, 1.0)","(1.0, 1.0, 1.0)","(1.0, 1.0, 1.0)","(1.0, 1.0, 1.0)","(1.0, 1.0, 1.0)","(1.0, 1.0, 1.0)","(1.0, 1.0, 1.0)","(1.0, 1.0, 1.0)","(1.0, 1.0, 1.0)","(1.0, 1.0, 1.0)","(1.0, 1.0, 1.0)","(1.0, 1.0, 1.0)","(1.0, 1.0, 1.0)","(1.0, 1.0, 1.0)","(1.0, 1.0, 1.0)","(1.0, 1.0, 1.0)","(1.0, 1.0, 1.0)","(1.0, 1.0, 1.0)","(1.0, 1.0, 1.0)","(1.0, 1.0, 1.0)"
"diagnostics","Mask-original","Size","(256, 256, 256)","(256, 256, 256)","(256, 256, 256)","(256, 256, 256)","(256, 256, 256)","(256, 256, 256)","(256, 256, 256)","(256, 256, 256)","(256, 256, 256)","(256, 256, 256)","(256, 256, 256)","(256, 256, 256)","(256, 256, 256)","(256, 256, 256)","(256, 256, 256)","(256, 256, 256)","(256, 256, 256)","(256, 256, 256)","(256, 256, 256)","(256, 256, 256)","(256, 256, 256)"
"diagnostics","Mask-original","BoundingBox","(142, 156, 114, 7, 5, 16)","(142, 151, 94, 12, 12, 36)","(144, 153, 93, 17, 11, 41)","(141, 150, 93, 24, 14, 41)","(147, 150, 93, 15, 8, 28)","(147, 151, 92, 13, 8, 31)","(143, 150, 92, 18, 10, 32)","(141, 148, 116, 10, 6, 12)","(150, 148, 91, 11, 8, 23)","(143, 150, 93, 19, 12, 39)","(148, 151, 90, 15, 9, 40)","(138, 145, 83, 28, 12, 14)","(147, 148, 122, 17, 15, 17)","(142, 147, 120, 16, 11, 17)","(149, 144, 117, 10, 7, 11)","(146, 143, 119, 8, 5, 9)","(147, 144, 118, 6, 6, 8)","(143, 145, 119, 12, 10, 14)","(141, 145, 120, 13, 9, 15)","(146, 147, 133, 12, 4, 5)","(141, 152, 123, 13, 7, 12)"
"diagnostics","Mask-original","VoxelNum","79","367","561","828","252","309","357","80","126","632","139","425","784","549","59","7","16","270","195","44","57"
"diagnostics","Mask-original","VolumeNum","2","1","1","3","4","1","5","3","5","7","10","3","2","1","2","4","3","1","1","1","3"
"diagnostics","Mask-original","CenterOfMassIndex","(145.41772151898735, 158.77215189873417, 123.15189873417721)","(148.94277929155314, 156.05449591280654, 108.53950953678473)","(154.1283422459893, 158.9982174688057, 111.53654188948306)","(153.27777777777777, 156.10265700483092, 120.3913043478261)","(154.95634920634922, 153.42857142857142, 110.60317460317461)","(155.24595469255664, 155.82847896440128, 110.5210355987055)","(153.84593837535013, 155.65546218487395, 110.64145658263305)","(145.475, 150.325, 121.2)","(155.17460317460316, 152.14285714285714, 100.01587301587301)","(153.58069620253164, 156.58069620253164, 114.57911392405063)","(158.0935251798561, 155.82014388489208, 100.48920863309353)","(146.51529411764704, 150.75529411764705, 89.75529411764705)","(154.7920918367347, 154.61607142857142, 132.46301020408163)","(149.62841530054644, 151.46265938069217, 129.43715846994536)","(154.0677966101695, 146.9322033898305, 121.08474576271186)","(150.14285714285714, 144.85714285714286, 125.0)","(149.625, 146.4375, 121.8125)","(149.15185185185186, 148.88148148148147, 125.28518518518518)","(145.75897435897437, 148.89743589743588, 126.51282051282051)","(152.61363636363637, 148.5681818181818, 135.02272727272728)","(147.68421052631578, 155.26315789473685, 129.8421052631579)"
"diagnostics","Mask-original","CenterOfMass","(22.08869672726982, -32.713879935349084, 0.1492558008507956)","(25.613754499835608, -18.10149073795661, 2.8669117867784166)","(30.799317454271772, -21.098523090654936, -0.07680976922074478)","(29.948752986060242, -29.953285548997968, 2.818750694754044)","(31.627324414631687, -20.165155804346483, 5.4928362710135445)","(31.916929900839108, -20.08301679987737, 3.0929287351836763)","(30.5169135836326, -20.20343778380493, 3.2659455147110066)","(22.145975208282465, -30.761981201171878, 8.596407699584972)","(31.845578382885634, -9.577854217044887, 6.778550556727822)","(30.25167141081411, -24.141095125222506, 2.34071149705332)","(34.76450038813857, -10.0511898342654, 3.101263814692885)","(23.186269325929516, 0.682724681181071, 8.166113581937907)","(31.46306704501717, -42.0249914052535, 4.3053362710135445)","(26.299390508828907, -38.999139671117234, 7.458748318892788)","(30.738771818451966, -30.646726963883737, 11.989204309754456)","(26.81383235113961, -34.561981201171875, 14.0642648424421)","(26.29597520828247, -31.374481201171875, 12.483907699584961)","(25.82282706013433, -34.84716638635706, 10.039926218103489)","(22.42994956725684, -36.074801713992386, 10.023971802149077)","(29.284611571918845, -44.584708473899155, 10.353225881403148)","(24.35518573459825, -39.404086464329765, 3.6582498048481114)"
"diagnostics","Image-interpolated","Spacing","(1.0, 1.0, 1.0)","(1.0, 1.0, 1.0)","(1.0, 1.0, 1.0)","(1.0, 1.0, 1.0)","(1.0, 1.0, 1.0)","(1.0, 1.0, 1.0)","(1.0, 1.0, 1.0)","(1.0, 1.0, 1.0)","(1.0, 1.0, 1.0)","(1.0, 1.0, 1.0)","(1.0, 1.0, 1.0)","(1.0, 1.0, 1.0)","(1.0, 1.0, 1.0)","(1.0, 1.0, 1.0)","(1.0, 1.0, 1.0)","(1.0, 1.0, 1.0)","(1.0, 1.0, 1.0)","(1.0, 1.0, 1.0)","(1.0, 1.0, 1.0)","(1.0, 1.0, 1.0)","(1.0, 1.0, 1.0)"
"diagnostics","Image-interpolated","Size","(17, 15, 26)","(22, 22, 46)","(27, 21, 51)","(34, 24, 51)","(25, 18, 38)","(23, 18, 41)","(28, 20, 42)","(20, 16, 22)","(21, 18, 33)","(29, 22, 49)","(25, 19, 50)","(38, 22, 24)","(27, 25, 27)","(26, 21, 27)","(20, 17, 21)","(18, 15, 19)","(16, 16, 18)","(22, 20, 24)","(23, 19, 25)","(22, 14, 15)","(23, 17, 22)"
"diagnostics","Image-interpolated","Mean","95.91282051282052","89.14274164570607","86.6730988691773","89.00788158400616","88.3451461988304","87.48974902792506","87.25293367346939","87.79034090909092","90.34175084175084","87.96113492418911","85.4752","77.66243022328548","83.27588477366255","88.10778727445394","91.51022408963586","92.11715399610137","91.12868923611111","88.96780303030303","89.82617848970251","81.00800865800866","89.87003022552895"
"diagnostics","Image-interpolated","Minimum","6.0","6.0","9.0","6.0","9.0","12.0","9.0","8.0","7.0","9.0","7.0","6.0","10.0","6.0","15.0","15.0","17.0","10.0","8.0","10.0","6.0"
"diagnostics","Image-interpolated","Maximum","239.0","241.0","241.0","245.0","241.0","241.0","241.0","242.0","241.0","245.0","241.0","245.0","246.0","246.0","226.0","242.0","208.0","246.0","246.0","246.0","239.0"
"diagnostics","Mask-interpolated","Spacing","(1.0, 1.0, 1.0)","(1.0, 1.0, 1.0)","(1.0, 1.0, 1.0)","(1.0, 1.0, 1.0)","(1.0, 1.0, 1.0)","(1.0, 1.0, 1.0)","(1.0, 1.0, 1.0)","(1.0, 1.0, 1.0)","(1.0, 1.0, 1.0)","(1.0, 1.0, 1.0)","(1.0, 1.0, 1.0)","(1.0, 1.0, 1.0)","(1.0, 1.0, 1.0)","(1.0, 1.0, 1.0)","(1.0, 1.0, 1.0)","(1.0, 1.0, 1.0)","(1.0, 1.0, 1.0)","(1.0, 1.0, 1.0)","(1.0, 1.0, 1.0)","(1.0, 1.0, 1.0)","(1.0, 1.0, 1.0)"
"diagnostics","Mask-interpolated","Size","(17, 15, 26)","(22, 22, 46)","(27, 21, 51)","(34, 24, 51)","(25, 18, 38)","(23, 18, 41)","(28, 20, 42)","(20, 16, 22)","(21, 18, 33)","(29, 22, 49)","(25, 19, 50)","(38, 22, 24)","(27, 25, 27)","(26, 21, 27)","(20, 17, 21)","(18, 15, 19)","(16, 16, 18)","(22, 20, 24)","(23, 19, 25)","(22, 14, 15)","(23, 17, 22)"
"diagnostics","Mask-interpolated","BoundingBox","(5, 5, 5, 7, 5, 16)","(5, 5, 5, 12, 12, 36)","(5, 5, 5, 17, 11, 41)","(5, 5, 5, 24, 14, 41)","(5, 5, 5, 15, 8, 28)","(5, 5, 5, 13, 8, 31)","(5, 5, 5, 18, 10, 32)","(5, 5, 5, 10, 6, 12)","(5, 5, 5, 11, 8, 23)","(5, 5, 5, 19, 12, 39)","(5, 5, 5, 15, 9, 40)","(5, 5, 5, 28, 12, 14)","(5, 5, 5, 17, 15, 17)","(5, 5, 5, 16, 11, 17)","(5, 5, 5, 10, 7, 11)","(5, 5, 5, 8, 5, 9)","(5, 5, 5, 6, 6, 8)","(5, 5, 5, 12, 10, 14)","(5, 5, 5, 13, 9, 15)","(5, 5, 5, 12, 4, 5)","(5, 5, 5, 13, 7, 12)"
"diagnostics","Mask-interpolated","VoxelNum","79","367","561","828","252","309","357","80","126","632","139","425","784","549","59","7","16","270","195","44","57"
"diagnostics","Mask-interpolated","VolumeNum","2","1","1","3","4","1","5","3","5","7","10","3","2","1","2","4","3","1","1","1","3"
"diagnostics","Mask-interpolated","CenterOfMassIndex","(8.417721518987342, 7.772151898734177, 14.151898734177216)","(11.942779291553133, 10.054495912806539, 19.539509536784742)","(15.128342245989305, 10.998217468805704, 23.536541889483065)","(17.27777777777778, 11.102657004830919, 32.391304347826086)","(12.956349206349206, 8.428571428571429, 22.603174603174605)","(13.245954692556634, 9.828478964401295, 23.521035598705502)","(15.84593837535014, 10.655462184873949, 23.641456582633054)","(9.475, 7.325, 10.2)","(10.174603174603174, 9.142857142857142, 14.015873015873016)","(15.580696202531646, 11.580696202531646, 26.579113924050635)","(15.093525179856115, 9.820143884892087, 15.489208633093526)","(13.51529411764706, 10.75529411764706, 11.75529411764706)","(12.792091836734693, 11.616071428571429, 15.463010204081632)","(12.628415300546449, 9.462659380692168, 14.437158469945356)","(10.067796610169491, 7.932203389830509, 9.084745762711865)","(9.142857142857142, 6.857142857142857, 11.0)","(7.625, 7.4375, 8.8125)","(11.151851851851852, 8.881481481481481, 11.285185185185185)","(9.75897435897436, 8.897435897435898, 11.512820512820513)","(11.613636363636363, 6.568181818181818, 7.0227272727272725)","(11.68421052631579, 8.263157894736842, 11.842105263157896)"
"diagnostics","Mask-interpolated","CenterOfMass","(22.088696250432655, -32.71387993534909, 0.14925389350215124)","(25.613754022998446, -18.101490737956617, 2.866909879429789)","(30.799316977434618, -21.09852309065494, -0.07681167656937582)","(29.94875250922309, -29.95328554899796, 2.8187487874054096)","(31.627323937794518, -20.16515580434648, 5.492834363664899)","(31.916929424001946, -20.083016799877377, 3.092926827835033)","(30.516913106795453, -20.20343778380493, 3.265943607362379)","(22.145974731445314, -30.761981201171874, 8.596405792236329)","(31.845577906048486, -9.57785421704489, 6.778548649379186)","(30.25167093397696, -24.14109512522251, 2.340709589704682)","(34.76449991130143, -10.0511898342654, 3.1012619073442416)","(23.18626884909237, 0.6827246811810657, 8.166111674589269)","(31.463066568180004, -42.02499140525351, 4.305334363664899)","(26.299390031991763, -38.999139671117234, 7.45874641154416)","(30.738771341614804, -30.64672696388374, 11.98920240240582)","(26.813831874302455, -34.561981201171875, 14.06426293509347)","(26.295974731445312, -31.374481201171875, 12.483905792236328)","(25.822826583297164, -34.84716638635706, 10.039924310754847)","(22.429949090419672, -36.074801713992386, 10.02396989480043)","(29.284611095081676, -44.58470847389915, 10.35322397405451)","(24.3551852577611, -39.40408646432977, 3.6582478974994856)"
"diagnostics","Mask-interpolated","Mean","86.50632911392405","86.08446866485014","81.04991087344028","78.61473429951691","82.54761904761905","82.33333333333333","81.67226890756302","78.6875","101.18253968253968","82.7136075949367","47.94964028776978","83.09647058823529","78.76658163265306","80.17304189435337","81.30508474576271","81.0","80.3125","79.54074074074074","77.6923076923077","78.27272727272727","83.0"
"diagnostics","Mask-interpolated","Minimum","66.0","67.0","50.0","44.0","43.0","56.0","54.0","61.0","70.0","41.0","16.0","36.0","43.0","49.0","57.0","77.0","62.0","56.0","62.0","63.0","66.0"
"diagnostics","Mask-interpolated","Maximum","101.0","156.0","98.0","111.0","107.0","106.0","102.0","98.0","131.0","112.0","107.0","109.0","101.0","105.0","104.0","84.0","97.0","100.0","98.0","95.0","99.0"
"original","shape","Elongation","0.3205858443869859","0.20971370730773065","0.2690892693747129","0.5372938710165551","0.32096558455685936","0.3209379111312965","0.40004520594159904","0.3166616172897015","0.38682786531910823","0.3879383233190808","0.4236171959768941","0.351130649467266","0.6599778669810319","0.4578121601807915","0.4394679310239274","0.8786210676564149","0.28679597563009934","0.5572600353055663","0.7986471129739596","0.3673150133538956","0.7859138266256344"
"original","shape","Flatness","0.17711967111065144","0.0627355049861639","0.07206270639695726","0.19073485230216958","0.16327712280188628","0.08846375958129929","0.1405958713188348","0.24405172487806823","0.12774872319211925","0.1520662920180791","0.12315849424025307","0.27872421423322347","0.47002091196033663","0.35205064384387386","0.2365180439122893","0.0842716549522485","0.21126657618432895","0.3036642816997345","0.3790883029669859","0.19046603241894328","0.15982879634079153"
"original","shape","LeastAxisLength","2.57903506405215","2.9042858744911264","3.4348514460624866","6.852849507221982","4.7626626902368585","2.8409134249331838","5.200979129126123","3.0643825440113","3.1451731111158474","6.355949508335123","3.412323137087565","5.9413513309274215","7.68155353578133","6.535666567435624","2.770604696618918","0.9345091122203448","2.7005192607046578","4.142904368479488","5.016606530642618","2.0584869369489165","2.133353431587292"
"original","shape","MajorAxisLength","14.56097477981967","46.29413400165755","47.66475778943986","35.928669692550116","29.169197793959643","32.11386717430147","36.99240297982618","12.556283081147285","24.619996447133744","41.797228195578455","27.70676239700471","21.316236722640735","16.343003769222822","18.564563598224915","11.714136692447758","11.089245995582653","12.782520119739477","13.643041405100199","13.233345612036741","10.807632787882783","13.347741335913556"
"original","shape","Maximum2DDiameterColumn","15.524174696260024","30.4138126514911","39.56008088970496","41.182520563948","28.460498941515414","24.351591323771842","29.154759474226502","11.661903789690601","21.37755832643195","36.76955262170047","29.154759474226502","19.235384061671343","16.76305461424021","18.439088914585774","9.219544457292887","8.246211251235321","8.06225774829855","14.866068747318506","15.132745950421556","11.180339887498949","12.529964086141668"
"original","shape","Maximum2DDiameterRow","12.165525060596439","37.107950630558946","41.593268686170845","32.984845004941285","28.160255680657446","31.78049716414141","32.01562118716424","7.211102550927978","23.08679276123039","39.81205847478876","30.59411708155671","12.649110640673518","18.027756377319946","13.038404810405298","9.219544457292887","9.219544457292887","7.615773105863909","11.045361017187261","14.0","5.0","12.529964086141668"
"original","shape","Maximum2DDiameterSlice","5.830951894845301","9.0","13.416407864998739","21.95449840010015","11.40175425099138","12.36931687685298","17.88854381999832","6.708203932499369","8.94427190999916","17.4928556845359","10.44030650891055","24.186773244895647","16.0312195418814","14.866068747318506","6.4031242374328485","4.123105625617661","4.123105625617661","11.661903789690601","13.0","11.045361017187261","12.649110640673518"
"original","shape","Maximum3DDiameter","16.30950643030009","37.44329045369811","41.6293165929973","42.555845661906424","29.563490998188964","31.843366656181317","33.77869150810907","13.92838827718412","24.124676163629637","40.07492981902776","40.496913462633174","31.064449134018133","20.663978319771825","20.049937655763422","12.68857754044952","9.486832980505138","9.9498743710662","15.297058540778355","15.297058540778355","12.206555615733702","13.638181696985855"
"original","shape","MeshVolume","70.20833333333333","364.8333333333333","536.7083333333334","814.0833333333334","228.875","289.5833333333333","287.5","70.08333333333333","104.25","599.7916666666666","113.125","405.6666666666667","770.875","525.625","41.333333333333336","1.5","3.6666666666666665","253.20833333333334","172.625","34.791666666666664","54.083333333333336"
"original","shape","MinorAxisLength","4.668042394886095","9.708514468088472","12.826074848483028","19.304254019585432","9.362308620992911","10.306557449268222","14.798633468339185","3.9760929076234155","9.523700669808774","16.214746625577714","11.737060996217183","7.484784044618828","10.786020767674643","8.499082963717036","5.147987415961489","9.743245156143454","3.6659753287520576","7.602721735081442","10.56877326803976","3.969805781805164","10.490174470116978"
"original","shape","Sphericity","0.5656754178854757","0.40461967201142685","0.38251358666541635","0.33641042204456423","0.3718966053684362","0.4405291752109766","0.2508478601634807","0.6032465262493913","0.4169118877194587","0.2425238596278443","0.4337686145223402","0.5351836175520519","0.6291819390652322","0.6298193741917671","0.46642140153798584","0.4793169603496272","0.3031932321665686","0.6639514890551045","0.45503999182070115","0.5628614442954186","0.4668880610804173"
"original","shape","SurfaceArea","145.4931657863894","610.2392508871781","834.9545156733947","1253.3160222688089","486.550005545261","480.4982648842695","839.780185243337","136.26964606412199","256.9353667012567","1418.1753692814937","260.7744635524289","495.17745415765177","646.1953838199628","500.09454485507865","123.94792913313346","13.220731970159456","37.92674531455747","291.5187132476743","329.4860399610251","91.56569151397294","148.13135303516566"
"original","shape","SurfaceVolumeRatio","2.0723062189159323","1.6726521266893872","1.5556950839345913","1.5395426622198491","2.1258329024369678","1.659274583773017","2.9209745573681287","1.9443944741610748","2.4646078340648128","2.364446603873279","2.3051886280877696","1.220651078449429","0.8382622134846283","0.9514283849799356","2.998740220962906","8.813821313439638","10.34365781306113","1.1512998383979238","1.9086808976742944","2.6318282590842523","2.7389464351648503"
"original","shape","VoxelVolume","79.0","367.0","561.0","828.0","252.0","309.0","357.0","80.0","126.0","632.0","139.0","425.0","784.0","549.0","59.0","7.0","16.0","270.0","195.0","44.0","57.0"
"original","firstorder","10Percentile","78.60000000000001","76.0","74.0","69.0","69.0","72.0","72.0","70.0","87.5","74.0","27.0","71.0","68.0","71.0","67.8","77.6","66.5","73.0","69.0","70.6","75.19999999999999"
"original","firstorder","90Percentile","95.2","96.40000000000003","88.0","88.0","97.9","93.0","92.0","87.10000000000001","114.0","93.0","72.0","94.60000000000002","88.0","90.0","88.4","83.4","96.0","87.0","86.0","86.7","92.0"
"original","firstorder","Energy","595396.0","2748399.0","3709785.0","5178967.0","1748120.0","2114215.0","2401927.0","499237.0","1304391.0","4369243.0","366535.0","2979500.0","4919639.0","3556165.0","394247.0","45969.0","104951.0","1718604.0","1186858.0","271322.0","395205.0"
"original","firstorder","Entropy","0.40182585502892787","0.5925945146632758","0.5328350630342227","0.9924276804172869","1.1758288878947984","0.786705512081372","0.7329243986196295","0.8112781244591322","1.1310868170063637","0.7347601047042098","1.6384271222289593","0.7763651904601646","0.8745510899798202","0.7410289350655715","0.8469922021198661","-3.203426503814917e-16","0.6962122601251453","0.7011637512783394","0.9374561707820042","0.8112781244591322","0.4854607607459127"
"original","firstorder","InterquartileRange","11.5","11.0","8.0","10.0","16.25","12.0","9.0","8.25","15.0","9.0","25.5","12.0","10.0","9.0","8.5","3.5","12.75","7.0","10.0","6.5","9.0"
"original","firstorder","Kurtosis","2.5005883859694302","13.472687633998925","5.320298112130178","4.56364155771618","3.0871428767902858","3.0293990980908343","3.0171518534342656","3.0493688942694774","3.0692504462988484","6.464466562785399","3.0153137253434177","6.910643139017868","3.9733297583328775","3.563602327489365","3.764643497551765","1.7857142857142858","2.100033984726466","4.333705685567027","2.815417175982495","3.4891280937572606","3.0839098403000835"
"original","firstorder","Maximum","101.0","156.0","98.0","111.0","107.0","106.0","102.0","98.0","131.0","112.0","107.0","109.0","101.0","105.0","104.0","84.0","97.0","100.0","98.0","95.0","99.0"
"original","firstorder","MeanAbsoluteDeviation","6.196442877743951","6.4990162522551955","4.960158362486138","6.412054540362669","8.9848828420257","6.444444444444445","6.0706635595414635","5.6140625","8.644242882338117","6.074382110238743","15.185238859272294","7.430898269896193","6.476793523531861","5.541507825123341","6.522263717322608","2.0","8.640625","4.760164609053498","5.78224852071006","4.797520661157026","5.157894736842105"
"original","firstorder","Mean","86.50632911392405","86.08446866485014","81.04991087344028","78.61473429951691","82.54761904761905","82.33333333333333","81.67226890756302","78.6875","101.18253968253968","82.7136075949367","47.94964028776978","83.09647058823529","78.76658163265306","80.17304189435337","81.30508474576271","81.0","80.3125","79.54074074074074","77.6923076923077","78.27272727272727","83.0"
"original","firstorder","Median","86.0","85.0","81.0","79.0","82.0","83.0","82.0","78.0","103.0","83.0","46.0","84.0","79.0","80.0","84.0","81.0","77.5","79.0","78.0","77.5","83.0"
"original","firstorder","Minimum","66.0","67.0","50.0","44.0","43.0","56.0","54.0","61.0","70.0","41.0","16.0","36.0","43.0","49.0","57.0","77.0","62.0","56.0","62.0","63.0","66.0"
"original","firstorder","Range","35.0","89.0","48.0","67.0","64.0","50.0","48.0","37.0","61.0","71.0","91.0","73.0","58.0","56.0","47.0","7.0","35.0","44.0","36.0","32.0","33.0"
"original","firstorder","RobustMeanAbsoluteDeviation","4.713529856386997","4.582756232686981","3.316423761377089","4.1790067833368605","6.613417916186082","4.826263427734375","4.531282374667808","4.0720844811753905","6.290319540013194","3.924620915937431","11.378964680084579","5.041863367295835","4.416716260001323","4.09755271243783","4.187415119963785","1.4400000000000006","6.0","3.336691358024691","4.208122033348208","2.896193771626298","3.667722951561792"
"original","firstorder","RootMeanSquared","86.81392876634544","86.5380009769062","81.31917047431692","79.08723704114294","83.28855940034097","82.71710670169941","82.02491593859693","78.99659802801636","101.74629980402001","83.14661254203439","51.35116791313675","83.72925555201192","79.21521157516376","80.48311547236746","81.7444343204654","81.03702857336269","80.99035436396115","79.7822035293586","78.0157117640497","78.52648655650583","83.26716671432732"
"original","firstorder","Skewness","-0.16824166723474954","1.694128132676528","-0.6885455843175652","-0.2280878389623228","-0.21730604896362427","0.06506137414420844","-0.21264419550077246","-0.01686409431966059","-0.2347361017703407","-0.6016656598026625","0.5872414961773195","-1.3317024503796022","-0.6978994581600793","-0.1876493683391437","-0.6871802915145349","-0.46656947481584343","0.11197732604414946","-0.1395227399722603","0.2495898778252723","0.2277108765707463","0.11732945843604864"
"original","firstorder","TotalEnergy","595396.0","2748399.0","3709785.0","5178967.0","1748120.0","2114215.0","2401927.0","499237.0","1304391.0","4369243.0","366535.0","2979500.0","4919639.0","3556165.0","394247.0","45969.0","104951.0","1718604.0","1186858.0","271322.0","395205.0"
"original","firstorder","Uniformity","0.8795064893446563","0.8091752110417333","0.7869605142332414","0.5700862330509463","0.5339821113630637","0.6885244184706906","0.6930536920650613","0.625","0.4964726631393298","0.7475815173850345","0.37580870555354273","0.7200387543252595","0.6033781497292794","0.6908769380327205","0.6495259982763574","1.0","0.6953125","0.7063648834019204","0.5427218934911243","0.625","0.8116343490304709"
"original","firstorder","Variance","53.31325108155743","78.28986776945408","43.71943403840227","74.51461381829212","122.87471655328798","63.34196332254585","57.72732622460748","48.739843750000006","114.40318720080623","71.81829584601827","337.77444231665027","105.56481107266437","70.87536280456061","49.815229544692954","71.63573685722491","5.999999999999999","109.33984375","38.47056241426611","50.35660749506903","39.78925619834712","44.421052631578945"
"original","glcm","Autocorrelation","3.9790166180542106","3.8274466672079273","3.5735186089109","7.538685962215246","8.174825796908369","3.3675129642004737","3.3165170046469847","3.215281323688087","6.94479066086108","8.544235027703111","5.136657632172922","8.547716085319651","7.670664471233034","7.896987927024412","3.4804190660597984","1.0","3.3229166666666665","3.413847551053688","2.816850541139294","2.8837981304486053","3.3824037074037077"
"original","glcm","ClusterProminence","0.09717100178160809","0.787399371814007","0.4779341137231453","0.7068275763770242","1.2965005513261167","0.6856994314180522","0.4792466349723885","0.3138667319396247","0.8187891274985107","0.7153926560338297","2.7181589566437117","0.8158475032863824","0.6548847215538379","0.532879064723947","0.49460453444720576","0.0","0.07957175925925926","0.3199296128446362","0.545102154795876","0.3232443424819724","0.05836905226738171"
"original","glcm","ClusterShade","-0.002498983121202922","0.03125295427195904","-0.29606322365465454","-0.26868119785679323","-0.19519843093784733","-0.31084394576571983","-0.27755741939445233","-0.18439985395938907","-0.23555648876414617","-0.23006543282716588","-0.027570092787542664","-0.3110245214360547","-0.3491535762676439","-0.29308029212286624","-0.2904858703860326","0.0","-0.009259259259259241","-0.20935308006598208","-0.20743723418034796","-0.1139656578375657","-0.047099381286845425"
"original","glcm","ClusterTendency","0.08827320323403749","0.2280788426637989","0.26742252025427127","0.484818123236511","0.5922982856301098","0.4197849515840704","0.35244438150079943","0.3247851593619171","0.5373713132897665","0.27763401743052707","0.9085620702853618","0.26256854597560664","0.4590758582501502","0.37597012814238256","0.3170227476267988","0.0","0.12152777777777779","0.2776397615044494","0.5069880540281259","0.3491977208693987","0.13567270156498637"
"original","glcm","Contrast","0.0858584504493222","0.17379855059813373","0.14739394332237485","0.3538918259193106","0.4700770555501007","0.26597944628643855","0.257269581599079","0.32962431577578044","0.5747893034306567","0.20198362815429538","0.7031533676988639","0.1770816860804579","0.2758000208623284","0.2744167055954741","0.27225122449378747","0.0","0.2916666666666667","0.25069147919793955","0.37600639708886097","0.4652580605046709","0.30879814629814634"
"original","glcm","Correlation","0.007580121847698963","0.1316930849933714","0.2901714636341271","0.1545264564327366","0.10289366459748511","0.22876676090949982","0.16488653952573495","-0.0119707207926174","-0.026707454130247797","0.15526790314980943","0.13432686548934092","0.17739094684703843","0.24934026257611241","0.1560926762034192","0.12564289604533305","1.0","0.3083333333333335","0.04717342208100096","0.14532292502090152","-0.1263464876508354","-0.13590822200747807"
"original","glcm","DifferenceAverage","0.0858584504493222","0.16242269047104652","0.14739394332237485","0.3452437221016973","0.4105718293578161","0.25363126302116273","0.257269581599079","0.32962431577578044","0.5100606002095134","0.19339451552265455","0.595431390954841","0.16297744827617924","0.27494136952924","0.2705584750099033","0.2249374271799901","0.0","0.2916666666666667","0.2488191009441962","0.37600639708886097","0.4652580605046709","0.30879814629814634"
"original","glcm","DifferenceEntropy","0.40885517811750727","0.6462687089793234","0.599453213892716","0.9410746331839233","1.0896275568648106","0.8318234045866209","0.8060900548423967","0.9043311508654577","1.1265153272458397","0.7208081191121981","1.1654816395075134","0.657427560474757","0.8451183944755736","0.8509713605363273","0.7528843135397764","-3.203426503814917e-16","0.36478697925681075","0.8113281744228822","0.9495602280013336","0.9248177692779247","0.5951994261327891"
"original","glcm","DifferenceVariance","0.07681563595646768","0.1465065988831132","0.12499913928844587","0.23092094572978505","0.29682215127433864","0.19864311644545324","0.18678628957537385","0.21787195423683242","0.3038893085404105","0.16388621912283857","0.3192755128369337","0.1495942783845059","0.19850741691605064","0.20016305136913642","0.20315063150535734","0.0","0.09027777777777778","0.18805741639706344","0.2327951672138226","0.22497150396151414","0.13567270156498637"
"original","glcm","Id","0.9570707747753389","0.9204137855343114","0.9263030283388127","0.8286860515948393","0.804631623019806","0.8752423990336312","0.8713652092004605","0.8351878421121098","0.7557578170987672","0.9047342610106129","0.7202379673132498","0.9207896860376958","0.8626724237908946","0.865363800925977","0.8954169192956378","1.0","0.8541666666666666","0.8759025125701926","0.8119968014555694","0.7673709697476644","0.8456009268509269"
"original","glcm","Idm","0.9570707747753389","0.9199262407771853","0.9263030283388127","0.8282429493309127","0.8006646079403203","0.8744191868159461","0.8713652092004605","0.8351878421121098","0.7514425702173576","0.904161653501837","0.7130565021969819","0.9199216996423384","0.8626151803686888","0.8651065855536054","0.8922626661413848","1.0","0.8541666666666666","0.8757776873532763","0.8119968014555694","0.7673709697476644","0.8456009268509269"
"original","glcm","Idmn","0.9914141549550679","0.9934424773002348","0.970521211335525","0.9793693563144286","0.9733985007239757","0.9739719715220612","0.9742730418400923","0.934075136844844","0.9673311357373934","0.9882701826844235","0.9738128437628608","0.9898507002659127","0.9837916220316234","0.9839259272694233","0.9749585912727965","1.0","0.9416666666666667","0.9750172695380711","0.9247987205822277","0.9069483878990658","0.9382403707403707"
"original","glcm","Idn","0.9785353873876694","0.9731810592637078","0.9508686855592086","0.931224275650848","0.9198691416681798","0.9372095934079732","0.9356826046002303","0.89012522807474","0.9001455033988021","0.9616074006498571","0.9033262438109557","0.9678663891906292","0.9450403478052548","0.9460169126842051","0.9461313330706924","1.0","0.9027777777777777","0.937888843676638","0.8746645343037132","0.8449139798317765","0.8970672845672847"
"original","glcm","Imc1","-0.0276010700194867","-0.05431245509556986","-0.09545178466851947","-0.046906899685125195","-0.05304127630137068","-0.0817705049664603","-0.04721490903540212","-0.04020406351703017","-0.06151772853608942","-0.06503156961016449","-0.09606153421813036","-0.08024178086299075","-0.06265697084205543","-0.03585875198707473","-0.23101510713876866","0.0","-0.1531935907188837","-0.023341266581342127","-0.02594807633248379","-0.09443947032199013","-0.14584112127648716"
"original","glcm","Imc2","0.09975643874745072","0.21538481891543265","0.28779539406972743","0.25860441084882935","0.29692060931395525","0.31445635953176254","0.20550347814446057","0.1978180979385572","0.3370416526599793","0.25648853747114875","0.4365255012443952","0.2622710576218878","0.28238130586458815","0.20630675474583976","0.4794153947187029","0.0","0.2124889689963084","0.1532518458884549","0.1837976190447846","0.322048084004278","0.2835052283602256"
"original","glcm","InverseVariance","0.0858584504493222","0.1550268020855248","0.14739394332237485","0.33893687895010494","0.358504756439567","0.24282660266404646","0.257269581599079","0.32962431577578044","0.45342298489101296","0.1858790419699688","0.5011746613038208","0.15131903693286367","0.27419004961278765","0.2671825232475289","0.18353785453041743","0.0","0.2916666666666667","0.24718076997217078","0.37600639708886097","0.4652580605046709","0.30879814629814634"
"original","glcm","JointAverage","1.9944225895268153","1.9528361572895763","1.8824051935240291","2.7396574695330713","2.8531404259283897","1.8244951881906692","1.8143799817990802","1.7933644938586588","2.636812655911567","2.9197360126417253","2.2537632788797115","2.919945222366998","2.7613033381865937","2.8056303129497704","1.8620492843032892","1.0","1.8229166666666665","1.8458177611650255","1.668284579894575","1.705475720233647","1.8456009268509268"
"original","glcm","JointEnergy","0.8379082011331996","0.6964547101653836","0.667592628923231","0.380170425459039","0.34239785952760204","0.49154596980331294","0.5092942874536959","0.4549233081943187","0.28471713562463924","0.6330652259698348","0.2031572410575812","0.6870728133990299","0.44051926903717387","0.4873405389832794","0.5811651556091466","1.0","0.703125","0.5514756920483943","0.325707607227684","0.36780060535145104","0.6420918745034473"
"original","glcm","JointEntropy","0.5552588415391749","1.0130268940181668","0.9942719172464343","1.765337680151654","2.1208732833981316","1.526348539556276","1.3692852943602227","1.437575986407834","2.081996668357431","1.2038571142709453","2.598334248637824","1.0602638034107477","1.5496449809715225","1.454786410979295","1.2099478454193315","-3.203426503814917e-16","0.7189536459234772","1.2456886037646673","1.8030908120206672","1.6351764255888301","0.9039975724309349"
"original","glcm","MCC","0.09321136767363986","0.2264571078196086","0.2901714636341251","0.2704602636517668","0.24512558412910873","0.2820042206548899","0.18957733812778305","0.15546883758549895","0.2314768045382435","0.34844209094730194","0.34562529960137484","0.2835507010692448","0.2527460788958081","0.17805118464729694","0.4549253058149048","1","0.19166666759798912","0.12986231230738457","0.15703135651943792","0.2629171262281628","0.2268173129165689"
"original","glcm","MaximumProbability","0.9128152896037283","0.8292564919212109","0.8087082218628415","0.5597774947601255","0.5403212307629447","0.6768365255410391","0.6837333409502564","0.6285523359707688","0.4176121333941201","0.7873139650149857","0.3200771333243498","0.823479872154118","0.6258804441532028","0.6692906987026954","0.7428406439733671","1.0","0.7395833333333333","0.7206043926622189","0.4802813813501443","0.48823130536592696","0.7366563991563992"
"original","glcm","SumAverage","3.9888451790536306","3.9056723145791534","3.7648103870480583","5.479314939066143","5.70628085185678","3.6489903763813385","3.6287599635981604","3.5867289877173176","5.2736253118231335","5.839472025283451","4.507526557759423","5.839890444733995","5.522606676373187","5.611260625899542","3.7240985686065784","2.0","3.645833333333333","3.691635522330052","3.33656915978915","3.410951440467294","3.6912018537018536"
"original","glcm","SumEntropy","0.4694003910898532","0.8467095725491826","0.8468779739240596","1.3966704893375237","1.5818509475667606","1.2334331761096762","1.1120157127611445","1.1079516706320538","1.4930646293738132","0.9808719513969737","1.8888072820677886","0.8753916071248737","1.2724545985958158","1.1724732574655865","0.909997808611825","-3.203426503814917e-16","0.4272869792568107","0.9899952117540415","1.4270844149318072","1.1699183650841591","0.5951994261327891"
"original","glcm","SumSquares","0.04353291342083992","0.10046934831548317","0.10370411589416154","0.20967748728895536","0.2655938352950526","0.17144109946762723","0.15242849077496956","0.16360236878442436","0.2780401541801058","0.11990441139620558","0.40292885949605645","0.10991255801401613","0.18371896977811966","0.16259670843446414","0.14731849303014655","0.0","0.1032986111111111","0.13208281017559725","0.22074861277924673","0.2036139453435174","0.11111771196578314"
"original","gldm","DependenceEntropy","3.9794401286482155","4.461088140572953","4.541167725815464","4.898653590068163","4.782163236270757","4.701398871097453","4.049417533757802","4.122696622585921","4.019135257462501","4.296190502254371","4.476529313745573","4.917294159807769","5.1008171398040645","4.8749142196664","4.240374354623171","1.556656707462822","2.0217822215997967","4.650290853815293","4.850192241924541","3.6924178467769644","3.275210961898735"
"original","gldm","DependenceNonUniformity","5.784810126582278","20.950953678474114","34.258467023172905","45.48309178743961","17.666666666666668","18.644012944983817","34.38375350140056","5.875","13.174603174603174","47.107594936708864","13.517985611510792","17.903529411764705","33.875","26.049180327868854","4.4576271186440675","2.4285714285714284","5.625","13.155555555555555","13.317948717948719","5.2272727272727275","6.473684210526316"
"original","gldm","DependenceNonUniformityNormalized","0.07322544464028201","0.057087067243798674","0.06106678613756311","0.05493127027468552","0.0701058201058201","0.060336611472439544","0.09631303501792875","0.0734375","0.10456034265558076","0.07453733376061529","0.09725169504684023","0.04212595155709343","0.04320790816326531","0.04744841589775747","0.0755530020109164","0.3469387755102041","0.3515625","0.048724279835390946","0.06829717291255753","0.11880165289256199","0.11357340720221606"
"original","gldm","DependenceVariance","19.764140362121452","26.073695698980615","23.140292513051243","25.189561016593153","19.97877299067775","21.72729653019972","9.403290728055929","22.619375","10.233560090702948","16.403811488543504","9.393716681331195","56.51114740484428","44.724385672636394","35.06602167876019","18.408503303648377","0.693877551020408","0.609375","41.23270233196158","25.047100591715974","6.7541322314049586","6.525084641428131"
"original","gldm","GrayLevelNonUniformity","69.48101265822785","296.96730245231606","441.4848484848485","472.0314009661836","134.56349206349208","212.75404530744336","247.42016806722688","50.0","62.55555555555556","472.47151898734177","52.23741007194245","306.0164705882353","473.0484693877551","379.2914389799636","38.32203389830509","7.0","11.125","190.71851851851852","105.83076923076923","27.5","46.26315789473684"
"original","gldm","GrayLevelVariance","0.06313090850825188","0.124865430733022","0.10651974288337925","0.23522573455623233","0.2994929453262787","0.1655407882196458","0.15653320151590047","0.1875","0.2899974804736709","0.1574241908348021","0.5798871694011697","0.18273217993079588","0.20494064972927947","0.1610545419557334","0.1855788566503878","0.0","0.15234375","0.14875171467764062","0.22863905325443787","0.1875","0.09418282548476455"
"original","gldm","HighGrayLevelEmphasis","4.012658227848101","4.038147138964578","3.6363636363636362","7.665458937198068","8.170634920634921","3.592233009708738","3.481792717086835","3.25","6.984126984126984","8.606012658227849","6.669064748201439","8.315294117647058","7.655612244897959","8.091074681238617","3.4745762711864407","1.0","3.4375","3.4962962962962965","2.9384615384615387","3.25","3.6842105263157894"
"original","gldm","LargeDependenceEmphasis","131.48101265822785","156.35694822888283","181.64884135472371","128.69806763285024","73.87301587301587","139.61488673139158","52.69747899159664","102.275","44.53968253968254","79.34493670886076","41.28776978417266","273.25882352941176","270.03061224489795","245.2367941712204","87.10169491525424","4.142857142857143","7.5","232.6962962962963","101.67692307692307","41.13636363636363","31.17543859649123"
"original","gldm","LargeDependenceHighGrayLevelEmphasis","526.3164556962025","624.2016348773842","706.25311942959","1095.520531400966","640.1071428571429","528.8090614886731","202.17086834733894","400.7","371.14285714285717","709.2990506329114","204.17985611510792","2449.303529411765","2313.5229591836733","2147.3333333333335","337.40677966101697","4.142857142857143","28.3125","920.1037037037037","357.03076923076924","153.5681818181818","124.3859649122807"
"original","gldm","LargeDependenceLowGrayLevelEmphasis","32.88466947960619","39.61841053587648","50.49777183600713","16.053693639291463","8.972332451499119","42.38106796116505","15.335356364768131","27.66875","5.785989858906525","8.985781469760902","10.197330135891285","30.70745098039216","33.248414469954646","28.911328678405184","24.544256120527308","4.142857142857143","2.296875","60.84855967078189","37.83846153846154","13.028409090909092","7.87280701754386"
"original","gldm","LowGrayLevelEmphasis","0.2749648382559775","0.29355434453527096","0.3409090909090909","0.15271068169618893","0.14869929453262787","0.37351672060409924","0.3857765328353564","0.4375","0.1788470017636684","0.1314829465541491","0.2369984012789768","0.14160130718954247","0.1503419075963719","0.13810463468933415","0.4001883239171375","1.0","0.390625","0.3800411522633745","0.5153846153846153","0.4375","0.32894736842105265"
"original","gldm","SmallDependenceEmphasis","0.06907175729139091","0.04000020732645608","0.0254785210494316","0.04754388640496483","0.10298604033366551","0.033578276338389654","0.07378768001794572","0.0794036325833614","0.11914837373568293","0.07989270905718317","0.13792916976453015","0.05459276337953437","0.020651354351094543","0.022016784798684557","0.06932466329138849","0.5317460317460317","0.2126736111111111","0.03323838775289519","0.04818318621757407","0.05896074780052545","0.17721482940154618"
"original","gldm","SmallDependenceHighGrayLevelEmphasis","0.1940085481529054","0.26976619412568503","0.0474061930085812","0.33436544160562337","0.9700660679624572","0.14344388926166474","0.21381741293940612","0.15830203033344561","0.69940767402679","0.6315717408676724","1.5643952912703916","0.3766479789925733","0.12715560040112198","0.15093016645402704","0.2992760542954974","0.5317460317460317","0.5694444444444444","0.08085294317585388","0.11071607008305559","0.16930890029301085","0.3930698439219742"
"original","gldm","SmallDependenceLowGrayLevelEmphasis","0.04486990838051299","0.015234897258330472","0.019996603059644208","0.011303994708811457","0.016404481078029356","0.016899359623212745","0.04500495889464567","0.059679033145840346","0.035337228671003765","0.01637632365149355","0.026736941669595574","0.014771762087151443","0.005812025681401498","0.005503599055097693","0.030669207254108894","0.5317460317460317","0.12348090277777778","0.02544997523460408","0.03254996525120371","0.03137370967740409","0.12325107577143918"
"original","glrlm","GrayLevelNonUniformity","40.85220403293026","157.98198950592192","221.28279560519897","274.0042553746783","91.90167729501619","119.47799179271868","184.84621267272198","31.17819836399025","49.1326306464778","319.3847107705432","40.83909470219772","108.05108802219007","182.7780869926153","151.24955274855785","25.14953314967956","6.25","9.94035409035409","78.03416129407576","71.08870230355413","21.51110732565839","36.317671308852034"
"original","glrlm","GrayLevelNonUniformityNormalized","0.8098070438061709","0.7079753646521514","0.704991463239726","0.5095381428509443","0.4805797844429883","0.61580327602518","0.6562368606298361","0.5574077611229776","0.4785703699510698","0.6814954922911753","0.3565491020947941","0.5346991225347086","0.5046124497840985","0.5709995385371294","0.5892021512521014","1.0","0.6822770414872062","0.5673888085686513","0.5191477359626243","0.6006382386592709","0.7712186645111907"
"original","glrlm","GrayLevelVariance","0.10292627090435538","0.20568340210241376","0.14750426838013705","0.28032226189910864","0.3539050336881238","0.21299139316700277","0.17659428039577665","0.2212961194385112","0.3069803354381385","0.20588259501215472","0.6330697685091901","0.321706025063179","0.2610745590472202","0.2295766948191809","0.22397221973805526","0.0","0.15886147925639685","0.2232817078573518","0.24042613201868782","0.19968088067036455","0.11439066774440464"
"original","glrlm","HighGrayLevelRunEmphasis","4.005989174955654","4.086775334712523","3.457803326073443","7.344542754445192","8.082184720000468","3.5119047873475084","3.403764049046532","2.99180536525612","6.74842240972121","8.495647871247105","6.994593458177395","7.678347928320895","6.882586037798879","7.5590315322463475","3.3653564330351884","1.0","3.4028388278388277","3.120054119830234","2.786552991210366","3.171725016551382","3.602400354605173"
"original","glrlm","LongRunEmphasis","4.04092503305428","4.6279766096626895","5.755044804454594","3.6248134968658077","2.4453131720331283","4.331409096958494","2.2842593086566487","2.9144268717481836","1.919949812989955","3.0415056708221537","1.8922620646697346","7.52041744170244","7.867214368066157","6.777587038329695","2.647466080885928","1.375","1.3448107448107447","6.012789918310201","2.76199815508729","1.8705534779592925","2.020788967281941"
"original","glrlm","LongRunHighGrayLevelEmphasis","16.215843153326624","18.541716826929896","21.920442137146495","29.20223657108315","20.400857426949326","16.018692914355473","8.254999197087963","10.322590646882846","14.154008896211042","26.67466791328004","11.765905005772648","65.77800953535053","65.1507395300054","57.77252934791155","9.548510563937535","1.375","4.710653235653236","22.71456727923247","8.728741057434458","6.305283990618463","7.685556223732937"
"original","glrlm","LongRunLowGrayLevelEmphasis","1.0515304216910684","1.2522797160237995","1.7136954712816215","0.5054014512857322","0.33841229585242066","1.4500728693203622","0.7997266411563827","1.0623859279645187","0.3147954068594754","0.37179157367602134","0.448899483153515","0.9167078587529154","1.0353774484167841","0.8463627608880704","0.9492557238502298","1.375","0.5033501221001221","1.8456823957215616","1.2703124295004975","0.7618708497944997","0.6045971531691919"
"original","glrlm","LowGrayLevelRunEmphasis","0.29258121470954956","0.3186154885927254","0.38554916848163917","0.16413403110620736","0.15518175988988755","0.40722172046371613","0.4072112923459299","0.50204865868597","0.18830204346004273","0.13812355700791784","0.23480585818009397","0.17132254600454214","0.1741098569541866","0.15483126970415897","0.43571165546840596","1.0","0.399290293040293","0.47832328768436827","0.5533617521974085","0.4570687458621546","0.3493999113487067"
"original","glrlm","RunEntropy","1.8307559983880024","2.2987216696106776","2.3323318648984137","2.471636827401371","2.2497640847830054","2.3310115559889804","1.702407282045507","1.9752977724962124","1.9364528817040834","1.9555530720736947","2.402103959631036","2.902357560172957","2.976244717386514","2.8248114504258197","1.9674247875319204","0.4875168162362651","1.082796157655634","2.569570017393439","2.152203544320804","1.5919208417932478","1.2576493841894432"
"original","glrlm","RunLengthNonUniformity","24.38335608543482","97.96936019217554","123.05769196480244","272.87235985203756","122.22973285548343","87.88002450161618","192.5830111159447","30.286564806481145","72.04110151124236","294.9880108914794","82.72334687920974","69.562897735778","119.12500737714619","86.66247840922013","24.981688319328594","4.999999999999999","12.398371998372","47.94549312523406","77.09265975279418","25.24709281434901","35.4052760156976"
"original","glrlm","RunLengthNonUniformityNormalized","0.4567301304563068","0.419723282837871","0.3721034539852849","0.49327165479852353","0.6302383568775995","0.4326937941247571","0.6679513112639899","0.5289797504973607","0.6897224074700409","0.6093429272761705","0.7077442836237751","0.3420964183468623","0.322574919076795","0.323079083446579","0.5630811536568104","0.7916666666666667","0.845730535913686","0.34147528408721395","0.5522398637229161","0.6873231148014107","0.7239912511403233"
"original","glrlm","RunPercentage","0.6319376825705939","0.5994550408719346","0.5542300836418483","0.6471571906354515","0.7561050061050061","0.6208613393079413","0.7853910795087266","0.6951923076923077","0.8131868131868133","0.7333252190847127","0.821250691754289","0.47221719457013567","0.46114599686028257","0.4808743169398907","0.7196870925684485","0.8928571428571429","0.9097222222222222","0.5062678062678062","0.7017751479289941","0.8129370629370629","0.8197767145135567"
"original","glrlm","RunVariance","0.9421003328572684","1.2599409046643877","1.7234523625064888","1.0525469076888931","0.5981935298161153","1.1451057967058391","0.5060416445777233","0.6763117259595911","0.3377619699603219","0.884087094158643","0.3238932482508176","2.7234083335140866","2.8418075349233356","2.2158469525393105","0.5015408442341227","0.10416666666666667","0.12093982804605516","1.8035682831426407","0.6501484979442167","0.26835521156867287","0.3834240655867568"
"original","glrlm","ShortRunEmphasis","0.6499986948929766","0.6473500299678653","0.5939574447132868","0.7199376323708502","0.817075758291578","0.6472566777721772","0.8364496532016983","0.7415591568371895","0.8507653191115323","0.798704299380261","0.8589571265307464","0.5955493113402742","0.577423528615461","0.5600852109483724","0.7524555920434133","0.90625","0.9321123321123321","0.5822401825369717","0.7624610531506183","0.8374616850728535","0.860067098967189"
"original","glrlm","ShortRunHighGrayLevelEmphasis","2.594445492989099","2.690868229095916","1.9313632395339548","5.098043903256632","6.561938046964856","2.219819483178184","2.804722343467165","2.0226378644620246","5.580269748218304","6.722345133485252","6.241191196116391","4.1317250171166116","3.5342546976401743","3.880056140057464","2.4510274773864653","0.90625","3.149145299145299","1.5446634532547776","2.034135008442786","2.600464192691438","3.0426687504739296"
"original","glrlm","ShortRunLowGrayLevelEmphasis","0.2054014012533065","0.22448427457830708","0.2596059960081198","0.12534167123914325","0.13071253592834475","0.2879921913686386","0.3525337852428944","0.42128947993098076","0.16686042706984344","0.11438237370482297","0.19925410023075074","0.1229814411562346","0.1145220017364004","0.09816691232965133","0.3548633844348534","0.90625","0.37785409035409034","0.349971182499447","0.4445425643275762","0.3967110581682072","0.314416686090504"
"original","glszm","GrayLevelNonUniformity","2.3333333333333335","5.285714285714286","13.133333333333333","11.117647058823529","7.96","5.5","13.16","4.142857142857143","5.875","17.0","5.842105263157895","10.307692307692308","2.25","4.2","1.5","4.0","2.6","6.6","5.0","2.0","5.0"
"original","glszm","GrayLevelNonUniformityNormalized","0.3888888888888889","0.37755102040816324","0.8755555555555555","0.32698961937716264","0.3184","0.4583333333333333","0.5264","0.5918367346938775","0.3671875","0.37777777777777777","0.3074792243767313","0.39644970414201186","0.28125","0.42","0.375","1.0","0.52","0.66","0.5555555555555556","0.5","0.5555555555555556"
"original","glszm","GrayLevelVariance","0.5555555555555556","1.454081632653061","0.06222222222222222","0.8347750865051902","0.8735999999999999","0.8541666666666665","0.4","0.20408163265306123","0.58984375","0.9066666666666667","1.3961218836565095","0.8520710059171599","0.984375","0.8400000000000001","0.5","0.0","0.24","0.41000000000000003","0.2222222222222222","0.25","0.2222222222222222"
"original","glszm","HighGrayLevelZoneEmphasis","3.3333333333333335","6.357142857142857","1.2","7.382352941176471","9.4","3.9166666666666665","2.36","1.8571428571428572","5.9375","7.666666666666667","11.368421052631579","6.538461538461538","6.625","6.6","4.5","1.0","2.8","2.1","2.0","2.5","2.0"
"original","glszm","LargeAreaEmphasis","889.5","7745.785714285715","16258.733333333334","9613.70588235294","1162.56","5320.083333333333","2991.08","516.8571428571429","251.125","6374.977777777778","288.7894736842105","4733.346153846154","45969.75","20633.1","542.75","4.75","13.2","4988.2","1982.111111111111","256.5","219.88888888888889"
"original","glszm","LargeAreaHighGrayLevelEmphasis","3559.8333333333335","30981.428571428572","64868.53333333333","84267.67647058824","10191.96","21077.0","11884.44","2009.142857142857","2028.0","57312.77777777778","1469.5263157894738","42497.692307692305","386943.5","181547.0","2064.25","4.75","49.8","19774.2","6868.111111111111","980.25","877.5555555555555"
"original","glszm","LargeAreaLowGrayLevelEmphasis","222.6574074074074","1942.7111904761903","4106.283333333334","1131.0261437908498","137.16","1381.7800925925924","767.8288888888889","143.78571428571428","34.443142361111114","710.3333333333334","65.47140350877191","529.2788461538462","5851.941840277777","2407.965277777778","162.65277777777777","4.75","4.05","1291.8111111111111","760.6111111111111","75.5625","55.47222222222222"
"original","glszm","LowGrayLevelZoneEmphasis","0.6018518518518519","0.4969047619047619","0.95","0.24489379084967322","0.17916666666666664","0.6412037037037037","0.7488888888888888","0.7857142857142857","0.2886284722222222","0.23148148148148145","0.23931286549707603","0.2844551282051282","0.3619791666666667","0.27361111111111114","0.4027777777777778","1.0","0.55","0.836111111111111","0.75","0.625","0.75"
"original","glszm","SizeZoneNonUniformity","3.0","4.142857142857143","3.2666666666666666","9.764705882352942","9.16","2.5","6.44","1.8571428571428572","4.625","18.733333333333334","8.052631578947368","8.384615384615385","3.5","2.8","1.5","2.5","1.0","2.2","1.8888888888888888","1.0","5.666666666666667"
"original","glszm","SizeZoneNonUniformityNormalized","0.5","0.29591836734693877","0.21777777777777776","0.28719723183391005","0.3664","0.20833333333333334","0.2576","0.2653061224489796","0.2890625","0.4162962962962963","0.42382271468144045","0.3224852071005917","0.4375","0.28","0.375","0.625","0.2","0.22","0.20987654320987653","0.25","0.6296296296296297"
"original","glszm","SmallAreaEmphasis","0.7083646087446049","0.5344748662523061","0.4460753723117359","0.5378944916518177","0.6147899688482458","0.34156984124884554","0.5042246918920074","0.4516283406975736","0.5269595025510204","0.6654164773143366","0.6650279721563701","0.5763681018276257","0.6562533019547028","0.4861236919341068","0.5018595679012346","0.765625","0.29027777777777775","0.42230758461163875","0.3694566001243088","0.07970459012602613","0.7809215896337108"
"original","glszm","SmallAreaHighGrayLevelEmphasis","1.5417917683117535","5.114833988818748","0.446076195191073","3.970532687278443","6.618963051707783","2.0082404761064936","1.4229263138643256","0.8803228865998184","3.119743214994331","5.259814445600485","9.068701815824431","4.229031669476908","4.625015131487633","4.044497292670148","3.252229938271605","0.765625","0.4111111111111111","1.222313671779888","0.7236460339061543","0.2679850271707712","1.1236863585348433"
"original","glszm","SmallAreaLowGrayLevelEmphasis","0.5463041151491143","0.1474505618011718","0.44607516659190166","0.16234017887470287","0.08722478493347577","0.15638366401591508","0.36343817528781663","0.34445470422201246","0.19607931439358153","0.15401807459477268","0.11578782242737805","0.16738258014031826","0.2934035498312085","0.15903085284647894","0.09204475308641974","0.765625","0.2600694444444444","0.3334171739306874","0.2809092416788474","0.03263448086483986","0.6952303974084277"
"original","glszm","ZoneEntropy","1.7924812503605767","2.9780948881692573","2.6062389286533874","3.5424826938097227","3.2676013115120526","3.0849625007211534","3.2977968115985914","2.5216406363433164","3.4528195311147787","3.171355665494777","2.9847696187067396","3.4061518545101945","2.4999999999999982","2.6464393446710135","1.9999999999999987","0.8112781244591322","2.321928094887361","2.8464393446710132","2.7254805569978653","1.9999999999999987","1.446616667628207"
"original","glszm","ZonePercentage","0.0759493670886076","0.03814713896457766","0.026737967914438502","0.04106280193236715","0.0992063492063492","0.038834951456310676","0.0700280112044818","0.0875","0.12698412698412698","0.07120253164556962","0.1366906474820144","0.0611764705882353","0.01020408163265306","0.018214936247723135","0.06779661016949153","0.5714285714285714","0.3125","0.037037037037037035","0.046153846153846156","0.09090909090909091","0.15789473684210525"
"original","glszm","ZoneVariance","716.1388888888889","7058.596938775509","14859.973333333333","9020.640138408306","1060.9535999999998","4657.020833333333","2787.161600000001","386.2448979591836","189.109375","6177.73135802469","235.2686980609418","4466.149408284024","36365.75","17619.09","325.1875","1.6875","2.96","4259.2","1512.666666666667","135.5","179.77777777777774"
"original","ngtdm","Busyness","0.4289833777333777","2.349802940334958","12.450652245110144","9.221856086962449","2.3340841372168875","5.282954368965972","5.95647557128201","5.082224385521597","2.057944910990433","3.077795627175132","1.682523353219108","1.9951100133750126","7.410523837461247","4.605001833155712","0.6902559033094393","0.0","0.6123188405797101","5.019101308449801","20.648953262433526","3.727099844599845","1.3984126984126986"
"original","ngtdm","Coarseness","0.31751089580999947","0.0395601088006493","0.024541329204304067","0.007975368377059094","0.033550422524692355","0.03021177675774034","0.02610399438683221","0.07870569452610804","0.04060088110794593","0.020846880144252147","0.04871109040656408","0.03251233738031334","0.009520832426836769","0.014206171780747895","0.24009984743926974","1000000.0","0.5680473372781065","0.030495743178587165","0.02580212558353728","0.10732205110618534","0.21229426787741204"
"original","ngtdm","Complexity","0.28677028831763335","1.413553964135339","0.14526769756083785","2.19195805245423","2.147263802343206","0.8230952046154096","0.8688988330805404","0.3176390240950998","2.9067082222393537","1.171319287685049","4.6010643710249814","1.172278733214644","1.8948453330686494","1.7994124451303695","0.6837579574928788","0.0","0.22005208333333331","1.0100241601769662","0.3975025322314619","0.4235340732499824","0.16527869381054977"
"original","ngtdm","Contrast","0.0021112916916798557","0.0033155539920382182","0.01536285093178911","0.012822123606744375","0.017250730559720404","0.013136443385650736","0.01163805220311464","0.06244660893721217","0.0214336417058173","0.004948223047782094","0.025826242418049504","0.005928960846835249","0.009333554530450502","0.0070490974407215815","0.012350695023704434","0.0","0.0364990234375","0.012873348774887253","0.09093350383397493","0.07550187738397968","0.017446509471586012"
"original","ngtdm","Strength","0.5525791093288108","0.3978862091709511","0.02471868865239194","0.045382670562453924","0.15090968100348337","0.06968578296117929","0.06437534502185187","0.0750641240537675","0.22157997849177988","0.10556335059440397","0.4625255710294597","0.15049676957556596","0.05629957641963029","0.08383973581747432","0.4517950485777687","0.0","0.5217391304347826","0.0722782717009763","0.025788250006249003","0.11288099803642318","0.18941671677690922"
